id,date,sd,quantile,sign,trade,perd,chg,name,closing_price
388,2007/9/28,0.0103653,-0.0158228,0,0,0,0,marketing_bear_lin1,0
389,2007/10/31,0.00843424,-0.0110686,0,0,0,0,marketing_bear_lin1,0
390,2007/11/30,0.00984878,-0.00742763,0,0,0,0,marketing_bear_lin1,0
391,2007/12/31,0.00430132,-0.00614751,0,0,0,0,marketing_bear_lin1,0
392,2008/1/31,-0.00224456,-0.00642461,0,0,0,0,marketing_bear_lin1,0
393,2008/2/29,0.00422478,-0.00664097,0,0,0,0,marketing_bear_lin1,0
394,2008/3/31,0.0221745,-0.00656073,0,0,0,0,marketing_bear_lin1,0
395,2008/4/30,0.0295568,-0.00669033,0,0,0,0,marketing_bear_lin1,0
396,2008/5/30,0.0237518,-0.00672636,0,0,0,0,marketing_bear_lin1,0
397,2008/6/30,0.00182026,-0.00697413,0,0,0,0,marketing_bear_lin1,0
398,2008/7/31,-0.0106639,-0.00749239,1,0,0,0,marketing_bear_lin1,0
399,2008/8/29,-0.0236593,-0.00903378,1,1,0,0,marketing_bear_lin1,0
400,2008/9/30,-0.0437699,-0.0129315,1,1,1,1,marketing_bear_lin1,0
401,2008/10/31,-0.0610236,-0.0184275,1,1,1,0,marketing_bear_lin1,0
402,2008/11/28,-0.0788995,-0.0253257,1,1,1,0,marketing_bear_lin1,0
403,2008/12/31,-0.0673418,-0.0298834,1,1,1,0,marketing_bear_lin1,0
404,2009/1/30,-0.0558423,-0.0328299,1,1,1,0,marketing_bear_lin1,0
405,2009/2/27,-0.0388381,-0.0342137,1,1,1,0,marketing_bear_lin1,0
406,2009/3/31,-0.0268609,-0.0348276,0,0,1,0,marketing_bear_lin1,0
407,2009/4/30,-0.00178149,-0.0347045,0,0,1,0,marketing_bear_lin1,0
408,2009/5/29,0.0286495,-0.0345783,0,0,1,0,marketing_bear_lin1,0
409,2009/6/30,0.0476365,-0.0348088,0,0,0,-1,marketing_bear_lin1,0
410,2009/7/31,0.057059,-0.0352583,0,0,0,0,marketing_bear_lin1,0
411,2009/8/31,0.0481243,-0.0354204,0,0,0,0,marketing_bear_lin1,0
412,2009/9/30,0.0474615,-0.0355824,0,0,0,0,marketing_bear_lin1,0
413,2009/10/30,0.039608,-0.0355544,0,0,0,0,marketing_bear_lin1,0
414,2009/11/30,0.0370268,-0.0353076,0,0,0,0,marketing_bear_lin1,0
415,2009/12/31,0.0322581,-0.0348278,0,0,0,0,marketing_bear_lin1,0
416,2010/1/29,0.0232817,-0.0342917,0,0,0,0,marketing_bear_lin1,0
417,2010/2/26,0.0158374,-0.0337855,0,0,0,0,marketing_bear_lin1,0
418,2010/3/31,0.0104945,-0.033159,0,0,0,0,marketing_bear_lin1,0
419,2010/4/30,0.0125467,-0.0323565,0,0,0,0,marketing_bear_lin1,0
420,2010/5/31,0.00584826,-0.0318442,0,0,0,0,marketing_bear_lin1,0
421,2010/6/30,-0.0137249,-0.0322709,0,0,0,0,marketing_bear_lin1,0
422,2010/7/30,-0.0242187,-0.0334194,0,0,0,0,marketing_bear_lin1,0
423,2010/8/31,-0.0272497,-0.0347298,0,0,0,0,marketing_bear_lin1,0
424,2010/9/30,-0.00265993,-0.0350604,0,0,0,0,marketing_bear_lin1,0
425,2010/10/29,0.0118021,-0.0349933,0,0,0,0,marketing_bear_lin1,0
426,2010/11/30,0.0265454,-0.0347711,0,0,0,0,marketing_bear_lin1,0
427,2010/12/31,0.0253962,-0.0344193,0,0,0,0,marketing_bear_lin1,0
428,2011/1/31,0.0252426,-0.033866,0,0,0,0,marketing_bear_lin1,0
429,2011/2/28,0.0200512,-0.0335475,0,0,0,0,marketing_bear_lin1,0
430,2011/3/31,0.00758694,-0.0338078,0,0,0,0,marketing_bear_lin1,0
431,2011/4/29,-0.00376037,-0.0344373,0,0,0,0,marketing_bear_lin1,0
432,2011/5/31,-0.00708337,-0.0351141,0,0,0,0,marketing_bear_lin1,0
433,2011/6/30,-0.00923342,-0.0354641,0,0,0,0,marketing_bear_lin1,0
434,2011/7/29,-0.0156132,-0.0356595,0,0,0,0,marketing_bear_lin1,0
435,2011/8/31,-0.0338783,-0.0361952,0,0,0,0,marketing_bear_lin1,0
436,2011/9/30,-0.0521271,-0.0367641,1,0,0,0,marketing_bear_lin1,0
437,2011/10/31,-0.0590727,-0.036612,1,1,0,0,marketing_bear_lin1,0
438,2011/11/30,-0.0558572,-0.0346421,1,1,1,1,marketing_bear_lin1,0
439,2011/12/30,-0.046546,-0.033003,1,1,1,0,marketing_bear_lin1,0
440,2012/1/31,-0.0367208,-0.0316436,1,1,1,0,marketing_bear_lin1,0
441,2012/2/29,-0.0181448,-0.0304828,0,0,1,0,marketing_bear_lin1,0
442,2012/3/30,-0.00229817,-0.0294005,0,0,1,0,marketing_bear_lin1,0
443,2012/4/30,0.00415124,-0.0292244,0,0,1,0,marketing_bear_lin1,0
444,2012/5/31,0.00201204,-0.0296508,0,0,0,-1,marketing_bear_lin1,0
445,2012/6/29,0.000828826,-0.0299387,0,0,0,0,marketing_bear_lin1,0
446,2012/7/31,0.00134357,-0.0298694,0,0,0,0,marketing_bear_lin1,0
447,2012/8/31,0.00461463,-0.0298197,0,0,0,0,marketing_bear_lin1,0
448,2012/9/28,0.00507965,-0.0296623,0,0,0,0,marketing_bear_lin1,0
449,2012/10/31,0.00476334,-0.0296057,0,0,0,0,marketing_bear_lin1,0
450,2012/11/30,0.00486837,-0.0295284,0,0,0,0,marketing_bear_lin1,0
451,2012/12/31,0.00790898,-0.0294464,0,0,0,0,marketing_bear_lin1,0
452,2013/1/31,0.0134212,-0.0294223,0,0,0,0,marketing_bear_lin1,0
453,2013/2/28,0.0168691,-0.0294225,0,0,0,0,marketing_bear_lin1,0
454,2013/3/29,0.0195701,-0.0294061,0,0,0,0,marketing_bear_lin1,0
455,2013/4/30,0.0217427,-0.0294087,0,0,0,0,marketing_bear_lin1,0
456,2013/5/31,0.0248578,-0.0293545,0,0,0,0,marketing_bear_lin1,0
457,2013/6/28,0.019948,-0.0287108,0,0,0,0,marketing_bear_lin1,0
458,2013/7/31,0.0131988,-0.0275557,0,0,0,0,marketing_bear_lin1,0
459,2013/8/30,0.00412392,-0.0263155,0,0,0,0,marketing_bear_lin1,0
460,2013/9/30,-1.63E-05,-0.0262427,0,0,0,0,marketing_bear_lin1,0
461,2013/10/31,-0.00638586,-0.0266468,0,0,0,0,marketing_bear_lin1,0
462,2013/11/29,-0.0121355,-0.0272463,0,0,0,0,marketing_bear_lin1,0
463,2013/12/31,-0.0141966,-0.0278766,0,0,0,0,marketing_bear_lin1,0
464,2014/1/31,-0.0139379,-0.0284316,0,0,0,0,marketing_bear_lin1,0
465,2014/2/28,-0.0100461,-0.0288367,0,0,0,0,marketing_bear_lin1,0
466,2014/3/31,-0.00660987,-0.0291002,0,0,0,0,marketing_bear_lin1,0
467,2014/4/30,-0.00609143,-0.0291599,0,0,0,0,marketing_bear_lin1,0
468,2014/5/30,-0.00486362,-0.0290999,0,0,0,0,marketing_bear_lin1,0
469,2014/6/30,-0.00777863,-0.0290555,0,0,0,0,marketing_bear_lin1,0
470,2014/7/31,-0.00377822,-0.0286722,0,0,0,0,marketing_bear_lin1,0
471,2014/8/29,-0.00280224,-0.0272679,0,0,0,0,marketing_bear_lin1,0
472,2014/9/30,0.00180734,-0.0241576,0,0,0,0,marketing_bear_lin1,0
473,2014/10/31,0.00211973,-0.0199488,0,0,0,0,marketing_bear_lin1,0
474,2014/11/28,-0.00148729,-0.0156701,0,0,0,0,marketing_bear_lin1,0
475,2014/12/31,-0.00391269,-0.0121108,0,0,0,0,marketing_bear_lin1,0
476,2015/1/30,-0.00629245,-0.00948655,0,0,0,0,marketing_bear_lin1,0
477,2015/2/27,-0.00944179,-0.00886297,1,0,0,0,marketing_bear_lin1,0
478,2015/3/31,-0.0137638,-0.00949566,1,1,0,0,marketing_bear_lin1,0
479,2015/4/30,-0.0125964,-0.0102118,1,1,1,1,marketing_bear_lin1,0
480,2015/5/29,-0.00643634,-0.0105164,0,0,1,0,marketing_bear_lin1,0
481,2015/6/30,-0.00167714,-0.0105933,0,0,1,0,marketing_bear_lin1,0
482,2015/7/31,-0.00180345,-0.0106876,0,0,1,0,marketing_bear_lin1,0
483,2015/8/31,-0.011651,-0.0113081,1,0,0,-1,marketing_bear_lin1,0
484,2015/9/30,-0.0140899,-0.0120613,1,1,0,0,marketing_bear_lin1,0
485,2015/10/30,-0.0131859,-0.0127249,1,1,1,1,marketing_bear_lin1,0
486,2015/11/30,-0.00312707,-0.0129065,0,0,1,0,marketing_bear_lin1,0
487,2015/12/31,0.00157184,-0.0129824,0,0,1,0,marketing_bear_lin1,0
488,2016/1/29,0.000684048,-0.0130437,0,0,1,0,marketing_bear_lin1,0
489,2016/2/29,0.00126537,-0.0130026,0,0,0,-1,marketing_bear_lin1,0
490,2016/3/31,-0.000924035,-0.0128682,0,0,0,0,marketing_bear_lin1,0
491,2016/4/29,-0.000508467,-0.0125232,0,0,0,0,marketing_bear_lin1,0
492,2016/5/31,-0.00126008,-0.0117801,0,0,0,0,marketing_bear_lin1,0
493,2016/6/30,-0.00060946,-0.0111059,0,0,0,0,marketing_bear_lin1,0
494,2016/7/29,0.00152486,-0.0107188,0,0,0,0,marketing_bear_lin1,0
495,2016/8/31,0.00253764,-0.0106923,0,0,0,0,marketing_bear_lin1,0
496,2016/9/30,0.00466002,-0.0107424,0,0,0,0,marketing_bear_lin1,0
497,2016/10/31,0.00592752,-0.010681,0,0,0,0,marketing_bear_lin1,0
498,2016/11/30,0.0076952,-0.0103276,0,0,0,0,marketing_bear_lin1,0
499,2016/12/30,0.00785786,-0.00976793,0,0,0,0,marketing_bear_lin1,0
500,2017/1/31,0.00564058,-0.00912399,0,0,0,0,marketing_bear_lin1,0
501,2017/2/28,0.00521074,-0.00871416,0,0,0,0,marketing_bear_lin1,0
502,2017/3/31,0.00618615,-0.00848207,0,0,0,0,marketing_bear_lin1,0
503,2017/4/28,0.00770853,-0.00827099,0,0,0,0,marketing_bear_lin1,0
504,2017/5/31,0.00730249,-0.00808404,0,0,0,0,marketing_bear_lin1,0
505,2017/6/30,0.00511624,-0.00771456,0,0,0,0,marketing_bear_lin1,0
506,2017/7/31,0.00403815,-0.00753217,0,0,0,0,marketing_bear_lin1,0
507,2017/8/31,0.0043715,-0.00737902,0,0,0,0,marketing_bear_lin1,0
508,2017/9/29,0.00633391,-0.00734514,0,0,0,0,marketing_bear_lin1,0
509,2017/10/31,0.00811299,-0.00732188,0,0,0,0,marketing_bear_lin1,0
510,2017/11/30,0.00760073,-0.00719382,0,0,0,0,marketing_bear_lin1,0
511,2017/12/29,0.00603446,-0.00695648,0,0,0,0,marketing_bear_lin1,0
512,2018/1/31,0.00438153,-0.00659713,0,0,0,0,marketing_bear_lin1,0
513,2018/2/28,0.0027848,-0.00604113,0,0,0,0,marketing_bear_lin1,0
514,2018/3/30,0.00143278,-0.0051116,0,0,0,0,marketing_bear_lin1,0
515,2018/4/30,-0.00223939,-0.00436922,0,0,0,0,marketing_bear_lin1,0
516,2018/5/31,-0.00278445,-0.00414906,0,0,0,0,marketing_bear_lin1,0
517,2018/6/29,-0.00427658,-0.0042843,0,0,0,0,marketing_bear_lin1,0
518,2018/7/31,-0.00298133,-0.0043415,0,0,0,0,marketing_bear_lin1,0
519,2018/8/31,-0.00421365,-0.00375298,1,0,0,0,marketing_bear_lin1,0
520,2018/9/28,-0.00524041,-0.00290985,1,1,0,0,marketing_bear_lin1,0
521,2018/10/31,-0.00968427,-0.00251108,1,1,1,1,marketing_bear_lin1,0
522,2018/11/30,-0.00444682,-0.00259884,1,1,1,0,marketing_bear_lin1,0
523,2018/12/31,-0.000781385,-0.00269017,0,0,1,0,marketing_bear_lin1,0
524,2019/1/31,0.00812128,-0.00258943,0,0,1,0,marketing_bear_lin1,0
525,2019/2/28,0.0114754,-0.00255417,0,0,1,0,marketing_bear_lin1,0
526,2019/3/29,0.0103619,-0.00237467,0,0,0,-1,marketing_bear_lin1,0
527,2019/4/30,0.0003634,-0.00233535,0,0,0,0,marketing_bear_lin1,0
528,2019/5/31,-0.0119282,-0.0031869,1,0,0,0,marketing_bear_lin1,0
13,2019/6/28,-0.0165761,-0.00449489,1,1,0,0,marketing_bear_lin1,10730.8
14,2019/7/31,-0.0162555,-0.00571057,1,1,1,1,marketing_bear_lin1,10823.8
15,2019/8/30,-0.0157189,-0.00680244,1,1,1,0,marketing_bear_lin1,10618
16,2019/9/30,-0.0142121,-0.00772913,1,1,1,0,marketing_bear_lin1,10829.7
17,2019/10/31,-0.011734,-0.00843032,1,1,1,0,marketing_bear_lin1,11358.7
18,2019/11/29,-0.011133,-0.00906039,1,1,1,0,marketing_bear_lin1,11489.6
19,2019/12/31,-0.0104612,-0.00961221,1,1,1,0,marketing_bear_lin1,11997.1
20,2020/1/31,-0.00988038,-0.0100985,0,0,1,0,marketing_bear_lin1,11495.1
21,2020/2/28,-0.00796904,-0.0104588,0,0,1,0,marketing_bear_lin1,11292.2
22,2020/3/31,0.00879917,-0.0104694,0,0,1,0,marketing_bear_lin1,9708.06
23,2020/4/30,0.0253124,-0.0110116,0,0,0,-1,marketing_bear_lin1,10992.1
24,2020/5/29,0.0439002,-0.0126247,0,0,0,0,marketing_bear_lin1,10942.2
194,2020/6/30,0.0260354,-0.01281,0,0,0,0,marketing_bear_lin1,11621.2
210,2020/7/31,0.00580928,-0.012779,0,0,0,0,marketing_bear_lin1,12664.8
226,2020/8/31,-0.0149943,-0.0135632,1,0,0,0,marketing_bear_lin1,12795.5
529,2007/9/28,0.066288,-0.014294,0,0,0,0,marketing_bear_lin2,0
530,2007/10/31,0.0651186,-0.0141633,0,0,0,0,marketing_bear_lin2,0
531,2007/11/30,0.0265431,-0.014518,0,0,0,0,marketing_bear_lin2,0
532,2007/12/31,-0.036349,-0.0195994,1,0,0,0,marketing_bear_lin2,0
241,2008/1/31,-0.153872,-0.0410903,1,1,0,0,marketing_bear_lin2,0
242,2008/2/29,-0.0961121,-0.0493437,1,1,1,1,marketing_bear_lin2,0
243,2008/3/31,-0.172647,-0.0646774,1,1,1,0,marketing_bear_lin2,0
244,2008/4/30,-0.100501,-0.0732593,1,1,1,0,marketing_bear_lin2,0
245,2008/5/30,-0.120795,-0.0827241,1,1,1,0,marketing_bear_lin2,0
246,2008/6/30,-0.0978767,-0.0893223,1,1,1,0,marketing_bear_lin2,0
533,2008/7/31,-0.0831259,-0.0948529,0,0,1,0,marketing_bear_lin2,0
534,2008/8/29,-0.0923726,-0.10089,0,0,1,0,marketing_bear_lin2,0
535,2008/9/30,-0.151502,-0.111686,1,0,1,0,marketing_bear_lin2,0
536,2008/10/31,-0.1708,-0.124032,1,1,0,-1,marketing_bear_lin2,0
537,2008/11/28,-0.178472,-0.136072,1,1,1,1,marketing_bear_lin2,0
538,2008/12/31,-0.0817146,-0.138915,0,0,1,0,marketing_bear_lin2,0
539,2009/1/30,-0.119109,-0.144081,0,0,1,0,marketing_bear_lin2,0
540,2009/2/27,-0.0634564,-0.145645,0,0,1,0,marketing_bear_lin2,0
541,2009/3/31,0.0302789,-0.143991,0,0,0,-1,marketing_bear_lin2,0
542,2009/4/30,0.137011,-0.147226,0,0,0,0,marketing_bear_lin2,0
543,2009/5/29,0.203228,-0.153207,0,0,0,0,marketing_bear_lin2,0
544,2009/6/30,0.185989,-0.15666,0,0,0,0,marketing_bear_lin2,0
545,2009/7/31,0.248142,-0.16217,0,0,0,0,marketing_bear_lin2,0
546,2009/8/31,0.243388,-0.164292,0,0,0,0,marketing_bear_lin2,0
547,2009/9/30,0.213284,-0.165569,0,0,0,0,marketing_bear_lin2,0
548,2009/10/30,0.0845128,-0.1653,0,0,0,0,marketing_bear_lin2,0
549,2009/11/30,0.00422278,-0.166021,0,0,0,0,marketing_bear_lin2,0
550,2009/12/31,-0.0185023,-0.165208,0,0,0,0,marketing_bear_lin2,0
551,2010/1/29,0.055046,-0.153945,0,0,0,0,marketing_bear_lin2,0
552,2010/2/26,0.0497817,-0.146929,0,0,0,0,marketing_bear_lin2,0
553,2010/3/31,0.0640065,-0.132534,0,0,0,0,marketing_bear_lin2,0
554,2010/4/30,0.0357222,-0.124824,0,0,0,0,marketing_bear_lin2,0
555,2010/5/31,0.0696916,-0.113994,0,0,0,0,marketing_bear_lin2,0
556,2010/6/30,0.0372411,-0.105736,0,0,0,0,marketing_bear_lin2,0
557,2010/7/30,0.0512708,-0.097886,0,0,0,0,marketing_bear_lin2,0
558,2010/8/31,0.0271199,-0.0899318,0,0,0,0,marketing_bear_lin2,0
559,2010/9/30,0.0181608,-0.0759594,0,0,0,0,marketing_bear_lin2,0
560,2010/10/29,-0.0257935,-0.0614561,0,0,0,0,marketing_bear_lin2,0
561,2010/11/30,-0.10098,-0.0519066,1,0,0,0,marketing_bear_lin2,0
562,2010/12/31,-0.0762586,-0.0513599,1,1,0,0,marketing_bear_lin2,0
563,2011/1/31,-0.0548988,-0.0445783,1,1,1,1,marketing_bear_lin2,0
564,2011/2/28,0.0299217,-0.0373611,0,0,1,0,marketing_bear_lin2,0
565,2011/3/31,0.0270842,-0.0375451,0,0,1,0,marketing_bear_lin2,0
566,2011/4/29,0.000562315,-0.0426716,0,0,1,0,marketing_bear_lin2,0
567,2011/5/31,-0.0940223,-0.0545508,1,0,0,-1,marketing_bear_lin2,0
568,2011/6/30,-0.0363423,-0.0601209,0,0,0,0,marketing_bear_lin2,0
569,2011/7/29,-0.0862154,-0.0650725,1,1,0,0,marketing_bear_lin2,0
570,2011/8/31,0.070668,-0.0581805,0,0,1,1,marketing_bear_lin2,0
571,2011/9/30,-0.0257729,-0.0537333,0,0,1,0,marketing_bear_lin2,0
572,2011/10/31,0.00923754,-0.0541451,0,0,1,0,marketing_bear_lin2,0
573,2011/11/30,-0.0698734,-0.0592298,1,0,0,-1,marketing_bear_lin2,0
574,2011/12/30,-0.0333268,-0.0601338,0,0,0,0,marketing_bear_lin2,0
575,2012/1/31,-0.0236144,-0.0621389,0,0,0,0,marketing_bear_lin2,0
576,2012/2/29,-0.019503,-0.063734,0,0,0,0,marketing_bear_lin2,0
577,2012/3/30,-0.0104782,-0.0644592,0,0,0,0,marketing_bear_lin2,0
578,2012/4/30,0.0174685,-0.0645915,0,0,0,0,marketing_bear_lin2,0
579,2012/5/31,0.0134684,-0.0640765,0,0,0,0,marketing_bear_lin2,0
580,2012/6/29,-0.0214711,-0.0651751,0,0,0,0,marketing_bear_lin2,0
581,2012/7/31,-0.0717262,-0.0691396,1,0,0,0,marketing_bear_lin2,0
582,2012/8/31,-0.0365969,-0.0705733,0,0,0,0,marketing_bear_lin2,0
583,2012/9/28,0.0147818,-0.0705699,0,0,0,0,marketing_bear_lin2,0
584,2012/10/31,0.0415569,-0.069904,0,0,0,0,marketing_bear_lin2,0
585,2012/11/30,0.0105957,-0.0624121,0,0,0,0,marketing_bear_lin2,0
586,2012/12/31,-0.000616465,-0.0574611,0,0,0,0,marketing_bear_lin2,0
587,2013/1/31,0.0267313,-0.0539497,0,0,0,0,marketing_bear_lin2,0
588,2013/2/28,0.040217,-0.0540344,0,0,0,0,marketing_bear_lin2,0
589,2013/3/29,-0.00661146,-0.0546444,0,0,0,0,marketing_bear_lin2,0
590,2013/4/30,-0.0469162,-0.0571444,0,0,0,0,marketing_bear_lin2,0
591,2013/5/31,-0.0518568,-0.0525628,0,0,0,0,marketing_bear_lin2,0
592,2013/6/28,0.0208659,-0.0504051,0,0,0,0,marketing_bear_lin2,0
593,2013/7/31,0.053036,-0.0430399,0,0,0,0,marketing_bear_lin2,0
594,2013/8/30,0.0664993,-0.0428472,0,0,0,0,marketing_bear_lin2,0
595,2013/9/30,0.0146473,-0.0410612,0,0,0,0,marketing_bear_lin2,0
596,2013/10/31,0.0116569,-0.0409987,0,0,0,0,marketing_bear_lin2,0
597,2013/11/29,-0.0277577,-0.0367514,0,0,0,0,marketing_bear_lin2,0
598,2013/12/31,-0.0394419,-0.0372868,1,0,0,0,marketing_bear_lin2,0
599,2014/1/31,-0.0617108,-0.0408258,1,1,0,0,marketing_bear_lin2,0
600,2014/2/28,-0.0119692,-0.0403895,0,0,1,1,marketing_bear_lin2,0
601,2014/3/31,0.0214508,-0.0393378,0,0,1,0,marketing_bear_lin2,0
602,2014/4/30,0.0166632,-0.0393536,0,0,1,0,marketing_bear_lin2,0
603,2014/5/30,0.0148481,-0.0393216,0,0,0,-1,marketing_bear_lin2,0
604,2014/6/30,-0.00195499,-0.0382424,0,0,0,0,marketing_bear_lin2,0
605,2014/7/31,0.0333168,-0.0310237,0,0,0,0,marketing_bear_lin2,0
606,2014/8/29,0.0266365,-0.027496,0,0,0,0,marketing_bear_lin2,0
607,2014/9/30,0.038491,-0.027124,0,0,0,0,marketing_bear_lin2,0
608,2014/10/31,0.0172986,-0.0274118,0,0,0,0,marketing_bear_lin2,0
609,2014/11/28,-0.021399,-0.0292462,0,0,0,0,marketing_bear_lin2,0
610,2014/12/31,-0.0332298,-0.0315456,1,0,0,0,marketing_bear_lin2,0
611,2015/1/30,-0.0132991,-0.0330348,0,0,0,0,marketing_bear_lin2,0
612,2015/2/27,0.00357877,-0.0335753,0,0,0,0,marketing_bear_lin2,0
613,2015/3/31,0.00513651,-0.033055,0,0,0,0,marketing_bear_lin2,0
614,2015/4/30,-0.024742,-0.0309791,0,0,0,0,marketing_bear_lin2,0
615,2015/5/29,-0.00123986,-0.026673,0,0,0,0,marketing_bear_lin2,0
616,2015/6/30,-0.0208665,-0.0286366,0,0,0,0,marketing_bear_lin2,0
617,2015/7/31,-0.0498008,-0.0327642,1,0,0,0,marketing_bear_lin2,0
618,2015/8/31,-0.0782424,-0.0390768,1,1,0,0,marketing_bear_lin2,0
619,2015/9/30,-0.10401,-0.0496167,1,1,1,1,marketing_bear_lin2,0
620,2015/10/30,-0.0585168,-0.0533658,1,1,1,0,marketing_bear_lin2,0
621,2015/11/30,-0.0413744,-0.0542478,0,0,1,0,marketing_bear_lin2,0
622,2015/12/31,-0.0294534,-0.0536034,0,0,1,0,marketing_bear_lin2,0
623,2016/1/29,-0.0267941,-0.0508662,0,0,1,0,marketing_bear_lin2,0
624,2016/2/29,-0.000473882,-0.0504994,0,0,0,-1,marketing_bear_lin2,0
625,2016/3/31,0.0438389,-0.0508458,0,0,0,0,marketing_bear_lin2,0
626,2016/4/29,0.058534,-0.0515596,0,0,0,0,marketing_bear_lin2,0
627,2016/5/31,0.0486356,-0.0517547,0,0,0,0,marketing_bear_lin2,0
628,2016/6/30,0.0636048,-0.051768,0,0,0,0,marketing_bear_lin2,0
629,2016/7/29,0.0576042,-0.0520457,0,0,0,0,marketing_bear_lin2,0
630,2016/8/31,0.0688787,-0.0524839,0,0,0,0,marketing_bear_lin2,0
631,2016/9/30,0.0571975,-0.0526258,0,0,0,0,marketing_bear_lin2,0
632,2016/10/31,0.0483391,-0.0523641,0,0,0,0,marketing_bear_lin2,0
633,2016/11/30,0.00923717,-0.0509534,0,0,0,0,marketing_bear_lin2,0
634,2016/12/30,-0.00863651,-0.0494526,0,0,0,0,marketing_bear_lin2,0
635,2017/1/31,-0.0223317,-0.0499807,0,0,0,0,marketing_bear_lin2,0
636,2017/2/28,-0.0387441,-0.0523983,0,0,0,0,marketing_bear_lin2,0
637,2017/3/31,-0.0243108,-0.0538189,0,0,0,0,marketing_bear_lin2,0
638,2017/4/28,0.0103253,-0.0522004,0,0,0,0,marketing_bear_lin2,0
639,2017/5/31,0.0282815,-0.0513643,0,0,0,0,marketing_bear_lin2,0
640,2017/6/30,0.0133783,-0.0498094,0,0,0,0,marketing_bear_lin2,0
641,2017/7/31,-0.011425,-0.0470532,0,0,0,0,marketing_bear_lin2,0
642,2017/8/31,-0.0114303,-0.0410997,0,0,0,0,marketing_bear_lin2,0
643,2017/9/29,-0.00554354,-0.0303721,0,0,0,0,marketing_bear_lin2,0
644,2017/10/31,0.00932233,-0.0246159,0,0,0,0,marketing_bear_lin2,0
645,2017/11/30,0.031825,-0.0197984,0,0,0,0,marketing_bear_lin2,0
646,2017/12/29,0.0339795,-0.0159161,0,0,0,0,marketing_bear_lin2,0
647,2018/1/31,0.00687981,-0.0131566,0,0,0,0,marketing_bear_lin2,0
648,2018/2/28,0.00349426,-0.0128887,0,0,0,0,marketing_bear_lin2,0
649,2018/3/30,0.0119662,-0.0138046,0,0,0,0,marketing_bear_lin2,0
650,2018/4/30,0.0358607,-0.0137651,0,0,0,0,marketing_bear_lin2,0
651,2018/5/31,-0.00827916,-0.0157917,0,0,0,0,marketing_bear_lin2,0
652,2018/6/29,-0.0156147,-0.0177819,0,0,0,0,marketing_bear_lin2,0
653,2018/7/31,-0.0320303,-0.0210905,1,0,0,0,marketing_bear_lin2,0
654,2018/8/31,-0.00366495,-0.0208783,0,0,0,0,marketing_bear_lin2,0
655,2018/9/28,-0.0140916,-0.0213935,0,0,0,0,marketing_bear_lin2,0
656,2018/10/31,-0.0074579,-0.0214102,0,0,0,0,marketing_bear_lin2,0
657,2018/11/30,0.000187546,-0.021681,0,0,0,0,marketing_bear_lin2,0
658,2018/12/31,0.0283947,-0.0209376,0,0,0,0,marketing_bear_lin2,0
659,2019/1/31,0.0274791,-0.0189418,0,0,0,0,marketing_bear_lin2,0
660,2019/2/28,-0.00519349,-0.0156247,0,0,0,0,marketing_bear_lin2,0
661,2019/3/29,-0.031088,-0.0164073,1,0,0,0,marketing_bear_lin2,0
662,2019/4/30,-0.0553089,-0.02262,1,1,0,0,marketing_bear_lin2,0
663,2019/5/31,-0.0275513,-0.0249156,1,1,1,1,marketing_bear_lin2,0
25,2019/6/28,-0.0155324,-0.0260859,0,0,1,0,marketing_bear_lin2,10730.8
26,2019/7/31,-0.00360993,-0.0256774,0,0,1,0,marketing_bear_lin2,10823.8
27,2019/8/30,0.013956,-0.0247538,0,0,1,0,marketing_bear_lin2,10618
28,2019/9/30,-0.00651583,-0.0248041,0,0,0,-1,marketing_bear_lin2,10829.7
29,2019/10/31,0.000547154,-0.0250654,0,0,0,0,marketing_bear_lin2,11358.7
30,2019/11/29,-0.0298761,-0.0271996,1,0,0,0,marketing_bear_lin2,11489.6
31,2019/12/31,-0.0156416,-0.0278233,0,0,0,0,marketing_bear_lin2,11997.1
32,2020/1/31,-0.0169766,-0.0287462,0,0,0,0,marketing_bear_lin2,11495.1
33,2020/2/28,-5.02E-05,-0.0288274,0,0,0,0,marketing_bear_lin2,11292.2
34,2020/3/31,0.074962,-0.0320735,0,0,0,0,marketing_bear_lin2,9708.06
35,2020/4/30,0.481978,-0.0924127,0,0,0,0,marketing_bear_lin2,10992.1
36,2020/5/29,0.384309,-0.101528,0,0,0,0,marketing_bear_lin2,10942.2
195,2020/6/30,0.213133,-0.0971185,0,0,0,0,marketing_bear_lin2,11621.2
211,2020/7/31,-0.214635,-0.114649,1,0,0,0,marketing_bear_lin2,12664.8
227,2020/8/31,-0.175935,-0.128101,1,1,0,0,marketing_bear_lin2,12795.5
805,2007/9/28,0.0142909,-0.00757749,0,0,0,0,marketing_bear_svr1,0
806,2007/10/31,0.0103201,-0.00302692,0,0,0,0,marketing_bear_svr1,0
807,2007/11/30,0.0101351,0.000413852,0,0,0,0,marketing_bear_svr1,0
808,2007/12/31,0.00480178,0.00147806,0,0,0,0,marketing_bear_svr1,0
809,2008/1/31,-0.000555802,0.0010251,1,0,0,0,marketing_bear_svr1,0
810,2008/2/29,0.00861265,0.000727286,0,0,0,0,marketing_bear_svr1,0
811,2008/3/31,0.0275253,0.00085552,0,0,0,0,marketing_bear_svr1,0
812,2008/4/30,0.0339403,0.000844322,0,0,0,0,marketing_bear_svr1,0
813,2008/5/30,0.0277324,0.000846448,0,0,0,0,marketing_bear_svr1,0
814,2008/6/30,0.00424938,0.000486071,0,0,0,0,marketing_bear_svr1,0
815,2008/7/31,-0.00820301,-7.28E-05,1,0,0,0,marketing_bear_svr1,0
816,2008/8/29,-0.0226678,-0.00176057,1,1,0,0,marketing_bear_svr1,0
817,2008/9/30,-0.0424464,-0.00568851,1,1,1,1,marketing_bear_svr1,0
818,2008/10/31,-0.0604974,-0.0109373,1,1,1,0,marketing_bear_svr1,0
819,2008/11/28,-0.0789492,-0.0173263,1,1,1,0,marketing_bear_svr1,0
820,2008/12/31,-0.0696756,-0.0218458,1,1,1,0,marketing_bear_svr1,0
821,2009/1/30,-0.0589142,-0.0250897,1,1,1,0,marketing_bear_svr1,0
822,2009/2/27,-0.0421571,-0.0269784,1,1,1,0,marketing_bear_svr1,0
823,2009/3/31,-0.0301139,-0.0281178,1,1,1,0,marketing_bear_svr1,0
824,2009/4/30,-0.00573042,-0.0283711,0,0,1,0,marketing_bear_svr1,0
825,2009/5/29,0.0227923,-0.0282195,0,0,1,0,marketing_bear_svr1,0
826,2009/6/30,0.0402889,-0.0280897,0,0,1,0,marketing_bear_svr1,0
827,2009/7/31,0.0487951,-0.0280077,0,0,0,-1,marketing_bear_svr1,0
828,2009/8/31,0.0416597,-0.0278739,0,0,0,0,marketing_bear_svr1,0
829,2009/9/30,0.0423987,-0.0277962,0,0,0,0,marketing_bear_svr1,0
830,2009/10/30,0.0361647,-0.0276517,0,0,0,0,marketing_bear_svr1,0
831,2009/11/30,0.0339197,-0.0273419,0,0,0,0,marketing_bear_svr1,0
832,2009/12/31,0.0293296,-0.0268791,0,0,0,0,marketing_bear_svr1,0
833,2010/1/29,0.0204896,-0.0264485,0,0,0,0,marketing_bear_svr1,0
834,2010/2/26,0.0129909,-0.0261122,0,0,0,0,marketing_bear_svr1,0
835,2010/3/31,0.00758103,-0.0257651,0,0,0,0,marketing_bear_svr1,0
836,2010/4/30,0.00957981,-0.0253207,0,0,0,0,marketing_bear_svr1,0
837,2010/5/31,0.00458188,-0.0251269,0,0,0,0,marketing_bear_svr1,0
838,2010/6/30,-0.00988779,-0.0255972,0,0,0,0,marketing_bear_svr1,0
839,2010/7/30,-0.0173228,-0.0265305,0,0,0,0,marketing_bear_svr1,0
840,2010/8/31,-0.0188189,-0.0275065,0,0,0,0,marketing_bear_svr1,0
841,2010/9/30,-0.00170865,-0.0278845,0,0,0,0,marketing_bear_svr1,0
842,2010/10/29,0.00819132,-0.0279298,0,0,0,0,marketing_bear_svr1,0
843,2010/11/30,0.0189363,-0.027775,0,0,0,0,marketing_bear_svr1,0
844,2010/12/31,0.0202108,-0.0274772,0,0,0,0,marketing_bear_svr1,0
845,2011/1/31,0.0212277,-0.0270137,0,0,0,0,marketing_bear_svr1,0
846,2011/2/28,0.0172382,-0.0268432,0,0,0,0,marketing_bear_svr1,0
847,2011/3/31,0.00672514,-0.0271892,0,0,0,0,marketing_bear_svr1,0
848,2011/4/29,-0.00270708,-0.0278131,0,0,0,0,marketing_bear_svr1,0
849,2011/5/31,-0.0044536,-0.0284276,0,0,0,0,marketing_bear_svr1,0
850,2011/6/30,-0.00564801,-0.0287012,0,0,0,0,marketing_bear_svr1,0
851,2011/7/29,-0.0103486,-0.0287737,0,0,0,0,marketing_bear_svr1,0
852,2011/8/31,-0.0269908,-0.0289685,0,0,0,0,marketing_bear_svr1,0
853,2011/9/30,-0.0447914,-0.029106,1,0,0,0,marketing_bear_svr1,0
854,2011/10/31,-0.0526103,-0.0285675,1,1,0,0,marketing_bear_svr1,0
855,2011/11/30,-0.0522997,-0.0265235,1,1,1,1,marketing_bear_svr1,0
856,2011/12/30,-0.0449399,-0.0247175,1,1,1,0,marketing_bear_svr1,0
857,2012/1/31,-0.0365241,-0.0232058,1,1,1,0,marketing_bear_svr1,0
858,2012/2/29,-0.0179151,-0.021888,0,0,1,0,marketing_bear_svr1,0
859,2012/3/30,-0.0025149,-0.0206817,0,0,1,0,marketing_bear_svr1,0
860,2012/4/30,0.00399948,-0.0203821,0,0,1,0,marketing_bear_svr1,0
861,2012/5/31,0.00307577,-0.0207477,0,0,0,-1,marketing_bear_svr1,0
862,2012/6/29,0.00372604,-0.0210964,0,0,0,0,marketing_bear_svr1,0
863,2012/7/31,0.00548147,-0.0212257,0,0,0,0,marketing_bear_svr1,0
864,2012/8/31,0.00863222,-0.0213169,0,0,0,0,marketing_bear_svr1,0
865,2012/9/28,0.00742273,-0.0213494,0,0,0,0,marketing_bear_svr1,0
866,2012/10/31,0.00652267,-0.0214258,0,0,0,0,marketing_bear_svr1,0
867,2012/11/30,0.00538881,-0.0214983,0,0,0,0,marketing_bear_svr1,0
868,2012/12/31,0.0082214,-0.0215374,0,0,0,0,marketing_bear_svr1,0
869,2013/1/31,0.0128196,-0.0215628,0,0,0,0,marketing_bear_svr1,0
870,2013/2/28,0.0166748,-0.0215433,0,0,0,0,marketing_bear_svr1,0
871,2013/3/29,0.0204692,-0.0214563,0,0,0,0,marketing_bear_svr1,0
872,2013/4/30,0.0243227,-0.0213941,0,0,0,0,marketing_bear_svr1,0
873,2013/5/31,0.0286054,-0.0212553,0,0,0,0,marketing_bear_svr1,0
874,2013/6/28,0.0234784,-0.0206608,0,0,0,0,marketing_bear_svr1,0
875,2013/7/31,0.0157689,-0.0197651,0,0,0,0,marketing_bear_svr1,0
876,2013/8/30,0.0061834,-0.0189167,0,0,0,0,marketing_bear_svr1,0
877,2013/9/30,0.00226562,-0.0188085,0,0,0,0,marketing_bear_svr1,0
878,2013/10/31,-0.00408995,-0.0191177,0,0,0,0,marketing_bear_svr1,0
879,2013/11/29,-0.00973978,-0.0197416,0,0,0,0,marketing_bear_svr1,0
880,2013/12/31,-0.0112961,-0.020401,0,0,0,0,marketing_bear_svr1,0
881,2014/1/31,-0.0102043,-0.0209879,0,0,0,0,marketing_bear_svr1,0
882,2014/2/28,-0.00587578,-0.021392,0,0,0,0,marketing_bear_svr1,0
883,2014/3/31,-0.00212426,-0.0215757,0,0,0,0,marketing_bear_svr1,0
884,2014/4/30,-0.00167766,-0.0215492,0,0,0,0,marketing_bear_svr1,0
885,2014/5/30,0.000540658,-0.0214213,0,0,0,0,marketing_bear_svr1,0
886,2014/6/30,-0.00202255,-0.0213202,0,0,0,0,marketing_bear_svr1,0
887,2014/7/31,0.00175874,-0.0209729,0,0,0,0,marketing_bear_svr1,0
888,2014/8/29,-0.000173465,-0.0198982,0,0,0,0,marketing_bear_svr1,0
889,2014/9/30,0.00162363,-0.017508,0,0,0,0,marketing_bear_svr1,0
890,2014/10/31,-0.00094298,-0.0142839,0,0,0,0,marketing_bear_svr1,0
891,2014/11/28,-0.00490769,-0.0108571,0,0,0,0,marketing_bear_svr1,0
892,2014/12/31,-0.00621043,-0.00787838,0,0,0,0,marketing_bear_svr1,0
893,2015/1/30,-0.00597556,-0.00547525,1,0,0,0,marketing_bear_svr1,0
894,2015/2/27,-0.00593404,-0.00470795,1,1,0,0,marketing_bear_svr1,0
895,2015/3/31,-0.00865718,-0.00501351,1,1,1,1,marketing_bear_svr1,0
896,2015/4/30,-0.00719739,-0.00545546,1,1,1,0,marketing_bear_svr1,0
897,2015/5/29,-0.00370037,-0.00569787,0,0,1,0,marketing_bear_svr1,0
898,2015/6/30,-0.00329085,-0.00593688,0,0,1,0,marketing_bear_svr1,0
899,2015/7/31,-0.0101735,-0.00654926,1,0,1,0,marketing_bear_svr1,0
900,2015/8/31,-0.0246213,-0.00819108,1,1,0,-1,marketing_bear_svr1,0
901,2015/9/30,-0.0273782,-0.00992644,1,1,1,1,marketing_bear_svr1,0
902,2015/10/30,-0.02304,-0.0112163,1,1,1,0,marketing_bear_svr1,0
903,2015/11/30,-0.0110803,-0.0117441,0,0,1,0,marketing_bear_svr1,0
904,2015/12/31,-0.00619687,-0.0120918,0,0,1,0,marketing_bear_svr1,0
905,2016/1/29,-0.00579532,-0.0124373,0,0,1,0,marketing_bear_svr1,0
906,2016/2/29,-0.0024591,-0.0126376,0,0,0,-1,marketing_bear_svr1,0
907,2016/3/31,4.23E-05,-0.0126862,0,0,0,0,marketing_bear_svr1,0
908,2016/4/29,0.00275579,-0.0125234,0,0,0,0,marketing_bear_svr1,0
909,2016/5/31,0.00407879,-0.0120412,0,0,0,0,marketing_bear_svr1,0
910,2016/6/30,0.0054511,-0.0116313,0,0,0,0,marketing_bear_svr1,0
911,2016/7/29,0.00973859,-0.0114916,0,0,0,0,marketing_bear_svr1,0
912,2016/8/31,0.011599,-0.0115574,0,0,0,0,marketing_bear_svr1,0
913,2016/9/30,0.0132284,-0.0116299,0,0,0,0,marketing_bear_svr1,0
914,2016/10/31,0.0131798,-0.0115473,0,0,0,0,marketing_bear_svr1,0
915,2016/11/30,0.0142954,-0.0112319,0,0,0,0,marketing_bear_svr1,0
916,2016/12/30,0.0141742,-0.0107882,0,0,0,0,marketing_bear_svr1,0
917,2017/1/31,0.011018,-0.0103278,0,0,0,0,marketing_bear_svr1,0
918,2017/2/28,0.0101691,-0.0100244,0,0,0,0,marketing_bear_svr1,0
919,2017/3/31,0.0104054,-0.00983211,0,0,0,0,marketing_bear_svr1,0
920,2017/4/28,0.0120308,-0.00963937,0,0,0,0,marketing_bear_svr1,0
921,2017/5/31,0.0110477,-0.00949557,0,0,0,0,marketing_bear_svr1,0
922,2017/6/30,0.00960359,-0.00927499,0,0,0,0,marketing_bear_svr1,0
923,2017/7/31,0.00913792,-0.00915677,0,0,0,0,marketing_bear_svr1,0
924,2017/8/31,0.00994778,-0.00897584,0,0,0,0,marketing_bear_svr1,0
925,2017/9/29,0.0118637,-0.00882592,0,0,0,0,marketing_bear_svr1,0
926,2017/10/31,0.0137464,-0.00858659,0,0,0,0,marketing_bear_svr1,0
927,2017/11/30,0.012507,-0.00819024,0,0,0,0,marketing_bear_svr1,0
928,2017/12/29,0.00984151,-0.00774346,0,0,0,0,marketing_bear_svr1,0
929,2018/1/31,0.00685164,-0.00733924,0,0,0,0,marketing_bear_svr1,0
930,2018/2/28,0.00489121,-0.00696886,0,0,0,0,marketing_bear_svr1,0
931,2018/3/30,0.00258878,-0.0065166,0,0,0,0,marketing_bear_svr1,0
932,2018/4/30,-0.00278081,-0.00631795,0,0,0,0,marketing_bear_svr1,0
933,2018/5/31,-0.00392454,-0.00632751,0,0,0,0,marketing_bear_svr1,0
934,2018/6/29,-0.0061374,-0.00645403,0,0,0,0,marketing_bear_svr1,0
935,2018/7/31,-0.00376249,-0.00613697,0,0,0,0,marketing_bear_svr1,0
936,2018/8/31,-0.00524509,-0.00479339,1,0,0,0,marketing_bear_svr1,0
937,2018/9/28,-0.00611292,-0.00308542,1,1,0,0,marketing_bear_svr1,0
938,2018/10/31,-0.0176741,-0.00256626,1,1,1,1,marketing_bear_svr1,0
939,2018/11/30,-0.0175671,-0.00308552,1,1,1,0,marketing_bear_svr1,0
940,2018/12/31,-0.0174619,-0.00387453,1,1,1,0,marketing_bear_svr1,0
941,2019/1/31,-0.00542814,-0.00385526,1,1,1,0,marketing_bear_svr1,0
942,2019/2/28,0.000357862,-0.00373987,0,0,1,0,marketing_bear_svr1,0
943,2019/3/29,0.002611,-0.00364977,0,0,1,0,marketing_bear_svr1,0
944,2019/4/30,-0.00409897,-0.0039241,1,0,1,0,marketing_bear_svr1,0
945,2019/5/31,-0.013688,-0.00479686,1,1,0,-1,marketing_bear_svr1,0
49,2019/6/28,-0.0178238,-0.00595888,1,1,1,1,marketing_bear_svr1,10730.8
50,2019/7/31,-0.0169012,-0.00706263,1,1,1,0,marketing_bear_svr1,10823.8
51,2019/8/30,-0.0151816,-0.00801329,1,1,1,0,marketing_bear_svr1,10618
52,2019/9/30,-0.0118931,-0.0087308,1,1,1,0,marketing_bear_svr1,10829.7
53,2019/10/31,-0.00862162,-0.00924697,0,0,1,0,marketing_bear_svr1,11358.7
54,2019/11/29,-0.00818845,-0.00970964,0,0,1,0,marketing_bear_svr1,11489.6
55,2019/12/31,-0.00828706,-0.0101429,0,0,1,0,marketing_bear_svr1,11997.1
56,2020/1/31,-0.00802393,-0.010545,0,0,0,-1,marketing_bear_svr1,11495.1
57,2020/2/28,-0.00658833,-0.0108666,0,0,0,0,marketing_bear_svr1,11292.2
58,2020/3/31,0.00765529,-0.0108708,0,0,0,0,marketing_bear_svr1,9708.06
59,2020/4/30,0.0228517,-0.0110525,0,0,0,0,marketing_bear_svr1,10992.1
60,2020/5/29,0.0409942,-0.0118985,0,0,0,0,marketing_bear_svr1,10942.2
197,2020/6/30,0.0244147,-0.0119737,0,0,0,0,marketing_bear_svr1,11621.2
213,2020/7/31,0.00344874,-0.0120593,0,0,0,0,marketing_bear_svr1,12664.8
229,2020/8/31,-0.0183982,-0.0129981,1,0,0,0,marketing_bear_svr1,12795.5
946,2007/9/28,0.0525037,-0.0212065,0,0,0,0,marketing_bear_svr2,0
947,2007/10/31,0.0497678,-0.0168041,0,0,0,0,marketing_bear_svr2,0
948,2007/11/30,0.0113688,-0.00791755,0,0,0,0,marketing_bear_svr2,0
949,2007/12/31,-0.0463684,-0.0046291,1,0,0,0,marketing_bear_svr2,0
950,2008/1/31,-0.126489,-0.0155678,1,1,0,0,marketing_bear_svr2,0
951,2008/2/29,-0.0657692,-0.0207875,1,1,1,1,marketing_bear_svr2,0
952,2008/3/31,-0.127897,-0.0321886,1,1,1,0,marketing_bear_svr2,0
953,2008/4/30,-0.0781514,-0.0373075,1,1,1,0,marketing_bear_svr2,0
954,2008/5/30,-0.10616,-0.0452662,1,1,1,0,marketing_bear_svr2,0
955,2008/6/30,-0.0847265,-0.0509901,1,1,1,0,marketing_bear_svr2,0
956,2008/7/31,-0.0733295,-0.055494,1,1,1,0,marketing_bear_svr2,0
957,2008/8/29,-0.0785373,-0.0596522,1,1,1,0,marketing_bear_svr2,0
958,2008/9/30,-0.0922526,-0.0633992,1,1,1,0,marketing_bear_svr2,0
959,2008/10/31,-0.141984,-0.0723546,1,1,1,0,marketing_bear_svr2,0
960,2008/11/28,-0.156591,-0.0817988,1,1,1,0,marketing_bear_svr2,0
961,2008/12/31,-0.11376,-0.0872881,1,1,1,0,marketing_bear_svr2,0
962,2009/1/30,-0.11812,-0.0930052,1,1,1,0,marketing_bear_svr2,0
963,2009/2/27,-0.0628077,-0.0954018,0,0,1,0,marketing_bear_svr2,0
964,2009/3/31,0.026218,-0.0952243,0,0,1,0,marketing_bear_svr2,0
965,2009/4/30,0.116444,-0.0963281,0,0,1,0,marketing_bear_svr2,0
966,2009/5/29,0.177137,-0.0988911,0,0,0,-1,marketing_bear_svr2,0
967,2009/6/30,0.152304,-0.100059,0,0,0,0,marketing_bear_svr2,0
968,2009/7/31,0.205853,-0.101977,0,0,0,0,marketing_bear_svr2,0
969,2009/8/31,0.194973,-0.101987,0,0,0,0,marketing_bear_svr2,0
970,2009/9/30,0.173743,-0.0988589,0,0,0,0,marketing_bear_svr2,0
971,2009/10/30,0.0624842,-0.0976174,0,0,0,0,marketing_bear_svr2,0
972,2009/11/30,-0.00403115,-0.0982275,0,0,0,0,marketing_bear_svr2,0
973,2009/12/31,-0.0158939,-0.100028,0,0,0,0,marketing_bear_svr2,0
974,2010/1/29,0.0551992,-0.0996425,0,0,0,0,marketing_bear_svr2,0
975,2010/2/26,0.0561893,-0.0981787,0,0,0,0,marketing_bear_svr2,0
976,2010/3/31,0.060609,-0.09804,0,0,0,0,marketing_bear_svr2,0
977,2010/4/30,0.0315212,-0.0984277,0,0,0,0,marketing_bear_svr2,0
978,2010/5/31,0.0736983,-0.0971199,0,0,0,0,marketing_bear_svr2,0
979,2010/6/30,0.0516488,-0.0939692,0,0,0,0,marketing_bear_svr2,0
980,2010/7/30,0.0579402,-0.0860221,0,0,0,0,marketing_bear_svr2,0
981,2010/8/31,0.0240631,-0.0823514,0,0,0,0,marketing_bear_svr2,0
982,2010/9/30,0.00239843,-0.0753966,0,0,0,0,marketing_bear_svr2,0
983,2010/10/29,-0.0329711,-0.0730204,0,0,0,0,marketing_bear_svr2,0
984,2010/11/30,-0.0998707,-0.0726042,1,0,0,0,marketing_bear_svr2,0
985,2010/12/31,-0.0674935,-0.0715895,0,0,0,0,marketing_bear_svr2,0
986,2011/1/31,-0.0455708,-0.0700751,0,0,0,0,marketing_bear_svr2,0
987,2011/2/28,0.0268053,-0.0652435,0,0,0,0,marketing_bear_svr2,0
988,2011/3/31,0.0256267,-0.0594271,0,0,0,0,marketing_bear_svr2,0
989,2011/4/29,-0.00280158,-0.050662,0,0,0,0,marketing_bear_svr2,0
990,2011/5/31,-0.0786882,-0.0444383,1,0,0,0,marketing_bear_svr2,0
991,2011/6/30,-0.0266558,-0.0385829,0,0,0,0,marketing_bear_svr2,0
992,2011/7/29,-0.0647242,-0.0344967,1,1,0,0,marketing_bear_svr2,0
993,2011/8/31,0.0761725,-0.0283299,0,0,1,1,marketing_bear_svr2,0
994,2011/9/30,-0.00794896,-0.0298406,0,0,1,0,marketing_bear_svr2,0
995,2011/10/31,0.0237478,-0.0318618,0,0,1,0,marketing_bear_svr2,0
996,2011/11/30,-0.0541017,-0.0371022,1,0,0,-1,marketing_bear_svr2,0
997,2011/12/30,-0.0239029,-0.0403871,0,0,0,0,marketing_bear_svr2,0
998,2012/1/31,-0.0168992,-0.0409042,0,0,0,0,marketing_bear_svr2,0
999,2012/2/29,-0.0182778,-0.0403648,0,0,0,0,marketing_bear_svr2,0
1000,2012/3/30,-0.0155242,-0.0389806,0,0,0,0,marketing_bear_svr2,0
1001,2012/4/30,0.00758735,-0.0396691,0,0,0,0,marketing_bear_svr2,0
1002,2012/5/31,0.0112044,-0.0391932,0,0,0,0,marketing_bear_svr2,0
1003,2012/6/29,-0.0226788,-0.0395013,0,0,0,0,marketing_bear_svr2,0
1004,2012/7/31,-0.0684962,-0.0439878,1,0,0,0,marketing_bear_svr2,0
1005,2012/8/31,-0.0437894,-0.0465961,0,0,0,0,marketing_bear_svr2,0
1006,2012/9/28,0.00660891,-0.0469707,0,0,0,0,marketing_bear_svr2,0
1007,2012/10/31,0.0335548,-0.0469573,0,0,0,0,marketing_bear_svr2,0
1008,2012/11/30,0.0096559,-0.0468984,0,0,0,0,marketing_bear_svr2,0
1009,2012/12/31,-0.0023346,-0.0473203,0,0,0,0,marketing_bear_svr2,0
1010,2013/1/31,0.0213744,-0.0471299,0,0,0,0,marketing_bear_svr2,0
1011,2013/2/28,0.0406127,-0.0471393,0,0,0,0,marketing_bear_svr2,0
1012,2013/3/29,0.00312284,-0.0471238,0,0,0,0,marketing_bear_svr2,0
1013,2013/4/30,-0.0373992,-0.0473408,0,0,0,0,marketing_bear_svr2,0
1014,2013/5/31,-0.0439308,-0.0429819,1,0,0,0,marketing_bear_svr2,0
1015,2013/6/28,0.0189027,-0.0391457,0,0,0,0,marketing_bear_svr2,0
1016,2013/7/31,0.0538529,-0.0367384,0,0,0,0,marketing_bear_svr2,0
1017,2013/8/30,0.0622939,-0.0369087,0,0,0,0,marketing_bear_svr2,0
1018,2013/9/30,0.0146855,-0.0370685,0,0,0,0,marketing_bear_svr2,0
1019,2013/10/31,0.0134325,-0.0366486,0,0,0,0,marketing_bear_svr2,0
1020,2013/11/29,-0.0204726,-0.0326071,0,0,0,0,marketing_bear_svr2,0
1021,2013/12/31,-0.030674,-0.0328261,0,0,0,0,marketing_bear_svr2,0
1022,2014/1/31,-0.0569546,-0.0321991,1,0,0,0,marketing_bear_svr2,0
1023,2014/2/28,-0.0106143,-0.0323937,0,0,0,0,marketing_bear_svr2,0
1024,2014/3/31,0.0235996,-0.0316904,0,0,0,0,marketing_bear_svr2,0
1025,2014/4/30,0.0253886,-0.0316772,0,0,0,0,marketing_bear_svr2,0
1026,2014/5/30,0.0214474,-0.028238,0,0,0,0,marketing_bear_svr2,0
1027,2014/6/30,0.00168628,-0.0271492,0,0,0,0,marketing_bear_svr2,0
1028,2014/7/31,0.0349099,-0.0258378,0,0,0,0,marketing_bear_svr2,0
1029,2014/8/29,0.0267604,-0.0244343,0,0,0,0,marketing_bear_svr2,0
1030,2014/9/30,0.0380238,-0.0230225,0,0,0,0,marketing_bear_svr2,0
1031,2014/10/31,0.0146966,-0.0228276,0,0,0,0,marketing_bear_svr2,0
1032,2014/11/28,-0.00973945,-0.0235915,0,0,0,0,marketing_bear_svr2,0
1033,2014/12/31,-0.0247476,-0.0237111,1,0,0,0,marketing_bear_svr2,0
1034,2015/1/30,-0.00218771,-0.0190213,0,0,0,0,marketing_bear_svr2,0
1035,2015/2/27,-0.000750227,-0.0163381,0,0,0,0,marketing_bear_svr2,0
1036,2015/3/31,0.00674026,-0.0163336,0,0,0,0,marketing_bear_svr2,0
1037,2015/4/30,-0.0269066,-0.0185444,1,0,0,0,marketing_bear_svr2,0
1038,2015/5/29,0.00396439,-0.0187259,0,0,0,0,marketing_bear_svr2,0
1039,2015/6/30,-0.0125689,-0.0191975,0,0,0,0,marketing_bear_svr2,0
1040,2015/7/31,-0.0537103,-0.0231648,1,0,0,0,marketing_bear_svr2,0
1041,2015/8/31,-0.0869083,-0.0301262,1,1,0,0,marketing_bear_svr2,0
1042,2015/9/30,-0.11625,-0.0390976,1,1,1,1,marketing_bear_svr2,0
1043,2015/10/30,-0.0568377,-0.040325,1,1,1,0,marketing_bear_svr2,0
1044,2015/11/30,-0.0357597,-0.0398545,0,0,1,0,marketing_bear_svr2,0
1045,2015/12/31,-0.0288625,-0.0413783,0,0,1,0,marketing_bear_svr2,0
1046,2016/1/29,-0.0298357,-0.0428567,0,0,1,0,marketing_bear_svr2,0
1047,2016/2/29,-0.00407611,-0.0429557,0,0,0,-1,marketing_bear_svr2,0
1048,2016/3/31,0.0462695,-0.0429745,0,0,0,0,marketing_bear_svr2,0
1049,2016/4/29,0.0627466,-0.0431628,0,0,0,0,marketing_bear_svr2,0
1050,2016/5/31,0.049933,-0.0420204,0,0,0,0,marketing_bear_svr2,0
1051,2016/6/30,0.0646434,-0.0403764,0,0,0,0,marketing_bear_svr2,0
1052,2016/7/29,0.0557263,-0.0367765,0,0,0,0,marketing_bear_svr2,0
1053,2016/8/31,0.0669921,-0.0356181,0,0,0,0,marketing_bear_svr2,0
1054,2016/9/30,0.0535978,-0.0353218,0,0,0,0,marketing_bear_svr2,0
1055,2016/10/31,0.0513089,-0.0350362,0,0,0,0,marketing_bear_svr2,0
1056,2016/11/30,0.0216568,-0.0350316,0,0,0,0,marketing_bear_svr2,0
1057,2016/12/30,-0.00886396,-0.0354305,0,0,0,0,marketing_bear_svr2,0
1058,2017/1/31,-0.0280763,-0.037485,0,0,0,0,marketing_bear_svr2,0
1059,2017/2/28,-0.0475996,-0.0404491,1,0,0,0,marketing_bear_svr2,0
1060,2017/3/31,-0.0291464,-0.0424023,0,0,0,0,marketing_bear_svr2,0
1061,2017/4/28,-0.00216426,-0.042858,0,0,0,0,marketing_bear_svr2,0
1062,2017/5/31,0.00685187,-0.0423292,0,0,0,0,marketing_bear_svr2,0
1063,2017/6/30,0.00249502,-0.0412824,0,0,0,0,marketing_bear_svr2,0
1064,2017/7/31,-0.00987974,-0.0415549,0,0,0,0,marketing_bear_svr2,0
1065,2017/8/31,-0.00257801,-0.0416144,0,0,0,0,marketing_bear_svr2,0
1066,2017/9/29,0.00780356,-0.0415858,0,0,0,0,marketing_bear_svr2,0
1067,2017/10/31,0.00956603,-0.0402222,0,0,0,0,marketing_bear_svr2,0
1068,2017/11/30,0.0258208,-0.039717,0,0,0,0,marketing_bear_svr2,0
1069,2017/12/29,0.0265967,-0.0385907,0,0,0,0,marketing_bear_svr2,0
1070,2018/1/31,0.0152564,-0.035384,0,0,0,0,marketing_bear_svr2,0
1071,2018/2/28,0.0123374,-0.029326,0,0,0,0,marketing_bear_svr2,0
1072,2018/3/30,0.0143193,-0.0191544,0,0,0,0,marketing_bear_svr2,0
1073,2018/4/30,0.0297747,-0.014392,0,0,0,0,marketing_bear_svr2,0
1074,2018/5/31,-0.00860589,-0.0126118,0,0,0,0,marketing_bear_svr2,0
1075,2018/6/29,-0.0129663,-0.0115643,1,0,0,0,marketing_bear_svr2,0
1076,2018/7/31,-0.0292806,-0.0115229,1,1,0,0,marketing_bear_svr2,0
1077,2018/8/31,-0.00830932,-0.011746,0,0,1,1,marketing_bear_svr2,0
1078,2018/9/28,-0.0192576,-0.0139267,1,1,1,0,marketing_bear_svr2,0
1079,2018/10/31,-0.0105269,-0.0153289,0,0,1,0,marketing_bear_svr2,0
1080,2018/11/30,-0.00410069,-0.0163924,0,0,1,0,marketing_bear_svr2,0
1081,2018/12/31,0.0164721,-0.0163461,0,0,1,0,marketing_bear_svr2,0
1082,2019/1/31,0.0309129,-0.0161637,0,0,0,-1,marketing_bear_svr2,0
1083,2019/2/28,0.00617341,-0.0159004,0,0,0,0,marketing_bear_svr2,0
1084,2019/3/29,-0.0126077,-0.0165621,0,0,0,0,marketing_bear_svr2,0
1085,2019/4/30,-0.0488472,-0.0197021,1,0,0,0,marketing_bear_svr2,0
1086,2019/5/31,-0.0306833,-0.0215718,1,1,0,0,marketing_bear_svr2,0
61,2019/6/28,-0.0170543,-0.021947,0,0,1,1,marketing_bear_svr2,10730.8
62,2019/7/31,-0.00362149,-0.0207182,0,0,1,0,marketing_bear_svr2,10823.8
63,2019/8/30,0.0148408,-0.0173502,0,0,1,0,marketing_bear_svr2,10618
64,2019/9/30,-0.00386441,-0.0158945,0,0,0,-1,marketing_bear_svr2,10829.7
65,2019/10/31,-0.000123975,-0.0158233,0,0,0,0,marketing_bear_svr2,11358.7
66,2019/11/29,-0.0310047,-0.0177387,1,0,0,0,marketing_bear_svr2,11489.6
67,2019/12/31,-0.0249,-0.0190309,1,1,0,0,marketing_bear_svr2,11997.1
68,2020/1/31,-0.0248501,-0.0198506,1,1,1,1,marketing_bear_svr2,11495.1
69,2020/2/28,-0.00555634,-0.0199552,0,0,1,0,marketing_bear_svr2,11292.2
70,2020/3/31,0.0987225,-0.0229605,0,0,1,0,marketing_bear_svr2,9708.06
71,2020/4/30,0.560922,-0.0707158,0,0,1,0,marketing_bear_svr2,10992.1
72,2020/5/29,0.448681,-0.0784472,0,0,0,-1,marketing_bear_svr2,10942.2
198,2020/6/30,0.25886,-0.0760042,0,0,0,0,marketing_bear_svr2,11621.2
214,2020/7/31,-0.260709,-0.0940472,1,0,0,0,marketing_bear_svr2,12664.8
230,2020/8/31,-0.21285,-0.107041,1,1,0,0,marketing_bear_svr2,12795.5
247,2007/9/28,0.00976053,0.0383021,0,0,0,0,marketing_bull_lin,0
248,2007/10/31,0.0398954,0.0408033,0,0,0,0,marketing_bull_lin,0
249,2007/11/30,0.0138901,0.0421845,0,0,0,0,marketing_bull_lin,0
250,2007/12/31,-0.0292642,0.0424887,0,0,0,0,marketing_bull_lin,0
251,2008/1/31,-0.128032,0.0411419,0,0,0,0,marketing_bull_lin,0
252,2008/2/29,-0.0736456,0.0396891,0,0,0,0,marketing_bull_lin,0
253,2008/3/31,-0.104958,0.0367096,0,0,0,0,marketing_bull_lin,0
254,2008/4/30,-0.0451445,0.0342896,0,0,0,0,marketing_bull_lin,0
255,2008/5/30,-0.039553,0.0315217,0,0,0,0,marketing_bull_lin,0
256,2008/6/30,-0.0319013,0.0293441,0,0,0,0,marketing_bull_lin,0
257,2008/7/31,-0.00546251,0.025151,0,0,0,0,marketing_bull_lin,0
258,2008/8/29,-0.0178333,0.0214824,0,0,0,0,marketing_bull_lin,0
259,2008/9/30,-0.200998,0.0148223,0,0,0,0,marketing_bull_lin,0
260,2008/10/31,-0.17847,0.0115797,0,0,0,0,marketing_bull_lin,0
261,2008/11/28,-0.228317,0.00682443,0,0,0,0,marketing_bull_lin,0
262,2008/12/31,-0.0617354,0.00524835,0,0,0,0,marketing_bull_lin,0
263,2009/1/30,-0.108436,0.0029493,0,0,0,0,marketing_bull_lin,0
264,2009/2/27,-0.0345328,0.00372294,0,0,0,0,marketing_bull_lin,0
265,2009/3/31,0.078555,0.00932087,1,1,0,0,marketing_bull_lin,0
266,2009/4/30,0.12875,0.0166173,1,1,1,1,marketing_bull_lin,0
267,2009/5/29,0.166002,0.0252287,1,1,1,0,marketing_bull_lin,0
268,2009/6/30,0.121281,0.0314107,1,1,1,0,marketing_bull_lin,0
269,2009/7/31,0.144563,0.0378835,1,1,1,0,marketing_bull_lin,0
270,2009/8/31,0.162939,0.043902,1,1,1,0,marketing_bull_lin,0
271,2009/9/30,0.164967,0.0465693,1,1,1,0,marketing_bull_lin,0
272,2009/10/30,0.0632997,0.0442199,1,1,1,0,marketing_bull_lin,0
273,2009/11/30,-0.00824561,0.0411002,0,0,1,0,marketing_bull_lin,0
274,2009/12/31,-0.0156455,0.0390947,0,0,1,0,marketing_bull_lin,0
275,2010/1/29,0.0928738,0.0427151,1,1,1,0,marketing_bull_lin,0
276,2010/2/26,0.0925714,0.0467108,1,1,1,0,marketing_bull_lin,0
277,2010/3/31,0.11337,0.0527726,1,1,1,0,marketing_bull_lin,0
278,2010/4/30,0.109803,0.0577824,1,1,1,0,marketing_bull_lin,0
279,2010/5/31,0.150514,0.0638246,1,1,1,0,marketing_bull_lin,0
280,2010/6/30,0.084424,0.0661531,1,1,1,0,marketing_bull_lin,0
281,2010/7/30,0.00686583,0.0662999,0,0,1,0,marketing_bull_lin,0
282,2010/8/31,-0.0392478,0.0666133,0,0,1,0,marketing_bull_lin,0
283,2010/9/30,-0.0226385,0.0657906,0,0,1,0,marketing_bull_lin,0
284,2010/10/29,-0.0565414,0.0633422,0,0,0,-1,marketing_bull_lin,0
285,2010/11/30,-0.0594988,0.0616026,0,0,0,0,marketing_bull_lin,0
286,2010/12/31,-0.0574593,0.061009,0,0,0,0,marketing_bull_lin,0
287,2011/1/31,-0.0320113,0.0625177,0,0,0,0,marketing_bull_lin,0
288,2011/2/28,-0.0220865,0.0635401,0,0,0,0,marketing_bull_lin,0
289,2011/3/31,-0.0136271,0.0651658,0,0,0,0,marketing_bull_lin,0
290,2011/4/29,-0.0209621,0.0656807,0,0,0,0,marketing_bull_lin,0
291,2011/5/31,-0.0143865,0.0662359,0,0,0,0,marketing_bull_lin,0
292,2011/6/30,-0.0167865,0.0665737,0,0,0,0,marketing_bull_lin,0
293,2011/7/29,-0.00243001,0.0666504,0,0,0,0,marketing_bull_lin,0
294,2011/8/31,-0.00743784,0.0668999,0,0,0,0,marketing_bull_lin,0
295,2011/9/30,-0.0506752,0.0678664,0,0,0,0,marketing_bull_lin,0
296,2011/10/31,-0.0743294,0.0683406,0,0,0,0,marketing_bull_lin,0
297,2011/11/30,-0.106158,0.0677823,0,0,0,0,marketing_bull_lin,0
298,2011/12/30,-0.0783578,0.0675974,0,0,0,0,marketing_bull_lin,0
299,2012/1/31,-0.0301033,0.0684517,0,0,0,0,marketing_bull_lin,0
300,2012/2/29,0.0123061,0.0694325,0,0,0,0,marketing_bull_lin,0
301,2012/3/30,0.0203044,0.067562,0,0,0,0,marketing_bull_lin,0
302,2012/4/30,0.00395363,0.0630909,0,0,0,0,marketing_bull_lin,0
303,2012/5/31,-0.00847753,0.0562247,0,0,0,0,marketing_bull_lin,0
304,2012/6/29,0.00542488,0.051878,0,0,0,0,marketing_bull_lin,0
305,2012/7/31,-0.0150656,0.0456528,0,0,0,0,marketing_bull_lin,0
306,2012/8/31,0.00570864,0.0385635,0,0,0,0,marketing_bull_lin,0
307,2012/9/28,0.000952657,0.030781,0,0,0,0,marketing_bull_lin,0
308,2012/10/31,0.0343034,0.0296079,1,1,0,0,marketing_bull_lin,0
309,2012/11/30,0.0193614,0.0304157,0,0,1,1,marketing_bull_lin,0
310,2012/12/31,0.024579,0.0315714,0,0,1,0,marketing_bull_lin,0
311,2013/1/31,0.00768953,0.028074,0,0,1,0,marketing_bull_lin,0
312,2013/2/28,0.0137095,0.0246814,0,0,0,-1,marketing_bull_lin,0
313,2013/3/29,0.00785765,0.0197366,0,0,0,0,marketing_bull_lin,0
314,2013/4/30,0.00158121,0.0145572,0,0,0,0,marketing_bull_lin,0
315,2013/5/31,0.00275732,0.00566533,0,0,0,0,marketing_bull_lin,0
316,2013/6/28,0.000407244,0.00123039,0,0,0,0,marketing_bull_lin,0
317,2013/7/31,0.00197067,0.00104844,1,1,0,0,marketing_bull_lin,0
318,2013/8/30,-0.0112388,0.00169557,0,0,1,1,marketing_bull_lin,0
319,2013/9/30,-0.0151803,0.00188834,0,0,1,0,marketing_bull_lin,0
320,2013/10/31,-0.0130591,0.00266514,0,0,1,0,marketing_bull_lin,0
321,2013/11/29,-0.0121306,0.00344382,0,0,0,-1,marketing_bull_lin,0
322,2013/12/31,-0.009411,0.00424053,0,0,0,0,marketing_bull_lin,0
323,2014/1/31,0.00750945,0.00529844,1,1,0,0,marketing_bull_lin,0
324,2014/2/28,-0.00540957,0.00572498,0,0,1,1,marketing_bull_lin,0
325,2014/3/31,-0.00370738,0.0060031,0,0,1,0,marketing_bull_lin,0
326,2014/4/30,-0.0177981,0.00607378,0,0,1,0,marketing_bull_lin,0
327,2014/5/30,0.00411034,0.00662184,0,0,0,-1,marketing_bull_lin,0
328,2014/6/30,0.00373781,0.00720926,0,0,0,0,marketing_bull_lin,0
329,2014/7/31,0.00353996,0.00740099,0,0,0,0,marketing_bull_lin,0
330,2014/8/29,0.00785166,0.00788674,0,0,0,0,marketing_bull_lin,0
331,2014/9/30,0.0148243,0.00930786,1,1,0,0,marketing_bull_lin,0
332,2014/10/31,0.0165446,0.0105833,1,1,1,1,marketing_bull_lin,0
333,2014/11/28,-0.0215615,0.00941811,0,0,1,0,marketing_bull_lin,0
334,2014/12/31,-0.0276383,0.00841611,0,0,1,0,marketing_bull_lin,0
335,2015/1/30,-0.031774,0.00842452,0,0,1,0,marketing_bull_lin,0
336,2015/2/27,-0.00615155,0.00786337,0,0,0,-1,marketing_bull_lin,0
337,2015/3/31,-0.0136696,0.00679509,0,0,0,0,marketing_bull_lin,0
338,2015/4/30,-0.00676185,0.00650411,0,0,0,0,marketing_bull_lin,0
339,2015/5/29,-0.00954786,0.00648343,0,0,0,0,marketing_bull_lin,0
340,2015/6/30,-0.000768085,0.0062892,0,0,0,0,marketing_bull_lin,0
341,2015/7/31,-0.0237271,0.00621221,0,0,0,0,marketing_bull_lin,0
342,2015/8/31,-0.0164932,0.00567932,0,0,0,0,marketing_bull_lin,0
343,2015/9/30,-0.0487534,0.00530727,0,0,0,0,marketing_bull_lin,0
344,2015/10/30,-0.0265886,0.00315858,0,0,0,0,marketing_bull_lin,0
345,2015/11/30,-0.0346775,0.00175036,0,0,0,0,marketing_bull_lin,0
346,2015/12/31,-0.0171298,0.000152204,0,0,0,0,marketing_bull_lin,0
347,2016/1/29,-0.0171693,-0.000621726,0,0,0,0,marketing_bull_lin,0
348,2016/2/29,0.0143346,-0.000590275,1,1,0,0,marketing_bull_lin,0
349,2016/3/31,0.0347021,0.000908788,1,1,1,1,marketing_bull_lin,0
350,2016/4/29,0.0519,0.00373931,1,1,1,0,marketing_bull_lin,0
351,2016/5/31,0.026845,0.00479288,1,1,1,0,marketing_bull_lin,0
352,2016/6/30,0.02916,0.00601701,1,1,1,0,marketing_bull_lin,0
353,2016/7/29,0.0162967,0.0065569,1,1,1,0,marketing_bull_lin,0
354,2016/8/31,0.0234771,0.00776835,1,1,1,0,marketing_bull_lin,0
355,2016/9/30,0.0249287,0.00909861,1,1,1,0,marketing_bull_lin,0
356,2016/10/31,0.0204119,0.0101553,1,1,1,0,marketing_bull_lin,0
357,2016/11/30,0.0129266,0.0108761,1,1,1,0,marketing_bull_lin,0
358,2016/12/30,0.00336839,0.0112095,0,0,1,0,marketing_bull_lin,0
359,2017/1/31,-0.00332557,0.0108894,0,0,1,0,marketing_bull_lin,0
360,2017/2/28,-0.0159481,0.0106672,0,0,1,0,marketing_bull_lin,0
361,2017/3/31,-0.00524133,0.0106283,0,0,0,-1,marketing_bull_lin,0
362,2017/4/28,0.0132852,0.011456,1,1,0,0,marketing_bull_lin,0
363,2017/5/31,0.0180527,0.011947,1,1,1,1,marketing_bull_lin,0
364,2017/6/30,0.0094055,0.0121282,0,0,1,0,marketing_bull_lin,0
365,2017/7/31,-0.0126663,0.0117296,0,0,1,0,marketing_bull_lin,0
366,2017/8/31,-0.00906897,0.0112634,0,0,1,0,marketing_bull_lin,0
367,2017/9/29,-0.00517082,0.0106328,0,0,0,-1,marketing_bull_lin,0
368,2017/10/31,0.0153996,0.0105879,1,1,0,0,marketing_bull_lin,0
369,2017/11/30,0.0277988,0.0120755,1,1,1,1,marketing_bull_lin,0
370,2017/12/29,0.022643,0.0133553,1,1,1,0,marketing_bull_lin,0
371,2018/1/31,-0.0069366,0.0136824,0,0,1,0,marketing_bull_lin,0
372,2018/2/28,0.00385119,0.0139349,0,0,1,0,marketing_bull_lin,0
373,2018/3/30,0.0104847,0.0145288,0,0,1,0,marketing_bull_lin,0
374,2018/4/30,0.0399437,0.016232,1,1,0,-1,marketing_bull_lin,0
375,2018/5/31,-0.00616916,0.0162972,0,0,1,1,marketing_bull_lin,0
376,2018/6/29,-0.0115156,0.0160764,0,0,1,0,marketing_bull_lin,0
377,2018/7/31,-0.0296912,0.0160346,0,0,1,0,marketing_bull_lin,0
378,2018/8/31,-0.00253575,0.0162919,0,0,0,-1,marketing_bull_lin,0
379,2018/9/28,-0.014347,0.0163646,0,0,0,0,marketing_bull_lin,0
380,2018/10/31,-0.00830313,0.0165576,0,0,0,0,marketing_bull_lin,0
381,2018/11/30,0.00728732,0.0170606,0,0,0,0,marketing_bull_lin,0
382,2018/12/31,0.0184094,0.017843,1,1,0,0,marketing_bull_lin,0
383,2019/1/31,0.0204108,0.0186645,1,1,1,1,marketing_bull_lin,0
384,2019/2/28,-0.00123577,0.0182649,0,0,1,0,marketing_bull_lin,0
385,2019/3/29,-0.00830179,0.0168912,0,0,1,0,marketing_bull_lin,0
386,2019/4/30,-0.0295948,0.0143009,0,0,1,0,marketing_bull_lin,0
387,2019/5/31,-0.028972,0.0130263,0,0,0,-1,marketing_bull_lin,0
1,2019/6/28,-0.0282505,0.0115583,0,0,0,0,marketing_bull_lin,10730.8
2,2019/7/31,-0.0276333,0.0106053,0,0,0,0,marketing_bull_lin,10823.8
3,2019/8/30,-0.00929408,0.00951818,0,0,0,0,marketing_bull_lin,10618
4,2019/9/30,-0.0126301,0.0082669,0,0,0,0,marketing_bull_lin,10829.7
5,2019/10/31,-0.00586893,0.0073425,0,0,0,0,marketing_bull_lin,11358.7
6,2019/11/29,-0.0274612,0.00639726,0,0,0,0,marketing_bull_lin,11489.6
7,2019/12/31,-0.0225204,0.00581996,0,0,0,0,marketing_bull_lin,11997.1
8,2020/1/31,-0.0252973,0.00540256,0,0,0,0,marketing_bull_lin,11495.1
9,2020/2/28,-0.0115056,0.00549032,0,0,0,0,marketing_bull_lin,11292.2
10,2020/3/31,-0.0107628,0.00535501,0,0,0,0,marketing_bull_lin,9708.06
11,2020/4/30,0.0974803,0.0111372,1,1,0,0,marketing_bull_lin,10992.1
12,2020/5/29,0.0686994,0.0138468,1,1,1,1,marketing_bull_lin,10942.2
193,2020/6/30,0.0142789,0.014063,1,1,1,0,marketing_bull_lin,11621.2
209,2020/7/31,-0.0657493,0.0143498,0,0,1,0,marketing_bull_lin,12664.8
225,2020/8/31,-0.0438437,0.013926,0,0,1,0,marketing_bull_lin,12795.5
73,2019/6/28,-0.027541,0.0122257,0,0,0,0,marketing_bull_lin_M1721,0
74,2019/7/31,-0.020672,0.0114178,0,0,0,0,marketing_bull_lin_M1721,0
75,2019/8/30,-0.00600766,0.0107967,0,0,0,0,marketing_bull_lin_M1721,0
76,2019/9/30,-0.0107831,0.0101062,0,0,0,0,marketing_bull_lin_M1721,0
77,2019/10/31,-0.00946755,0.00947698,0,0,0,0,marketing_bull_lin_M1721,0
78,2019/11/29,-0.0197888,0.00876504,0,0,0,0,marketing_bull_lin_M1721,0
79,2019/12/31,-0.0156073,0.00791467,0,0,0,0,marketing_bull_lin_M1721,0
80,2020/1/31,-0.0150596,0.00727031,0,0,0,0,marketing_bull_lin_M1721,0
81,2020/2/28,-0.0100737,0.00702512,0,0,0,0,marketing_bull_lin_M1721,0
82,2020/3/31,-0.0417124,0.00646672,0,0,0,0,marketing_bull_lin_M1721,0
83,2020/4/30,0.0443332,0.00784999,1,1,0,0,marketing_bull_lin_M1721,0
84,2020/5/29,0.0210068,0.00757678,1,1,1,1,marketing_bull_lin_M1721,0
199,2020/6/30,0.0231752,0.00805946,1,1,1,0,marketing_bull_lin_M1721,0
215,2020/7/31,-0.0314189,0.0083947,0,0,1,0,marketing_bull_lin_M1721,0
231,2020/8/31,-0.00941809,0.00865883,0,0,1,0,marketing_bull_lin_M1721,0
97,2019/6/28,-0.0440707,0.0508857,0,0,0,-1,marketing_bull_lin_M1722,0
98,2019/7/31,-0.0500647,0.0496813,0,0,0,0,marketing_bull_lin_M1722,0
99,2019/8/30,-0.0248462,0.0476348,0,0,0,0,marketing_bull_lin_M1722,0
100,2019/9/30,-0.0303977,0.0449583,0,0,0,0,marketing_bull_lin_M1722,0
101,2019/10/31,-0.021056,0.0348815,0,0,0,0,marketing_bull_lin_M1722,0
102,2019/11/29,-0.0610191,0.0328627,0,0,0,0,marketing_bull_lin_M1722,0
103,2019/12/31,-0.0510569,0.0316799,0,0,0,0,marketing_bull_lin_M1722,0
104,2020/1/31,-0.0480598,0.0318078,0,0,0,0,marketing_bull_lin_M1722,0
105,2020/2/28,-0.00927571,0.0324788,0,0,0,0,marketing_bull_lin_M1722,0
106,2020/3/31,0.108648,0.046264,1,1,0,0,marketing_bull_lin_M1722,0
107,2020/4/30,0.318608,0.0958949,1,1,1,1,marketing_bull_lin_M1722,0
108,2020/5/29,0.267931,0.1222,1,1,1,0,marketing_bull_lin_M1722,0
201,2020/6/30,0.052064,0.121146,0,0,1,0,marketing_bull_lin_M1722,0
217,2020/7/31,-0.147128,0.116766,0,0,1,0,marketing_bull_lin_M1722,0
233,2020/8/31,-0.131854,0.110788,0,0,1,0,marketing_bull_lin_M1722,0
121,2019/6/28,-0.0421343,0.0185584,0,0,0,0,marketing_bull_lin_M2325,0
122,2019/7/31,-0.041292,0.016874,0,0,0,0,marketing_bull_lin_M2325,0
123,2019/8/30,-0.0184572,0.0145978,0,0,0,0,marketing_bull_lin_M2325,0
124,2019/9/30,-0.0211473,0.0124465,0,0,0,0,marketing_bull_lin_M2325,0
125,2019/10/31,-0.0175855,0.0108761,0,0,0,0,marketing_bull_lin_M2325,0
126,2019/11/29,-0.0346689,0.00968808,0,0,0,0,marketing_bull_lin_M2325,0
127,2019/12/31,-0.0316979,0.0088636,0,0,0,0,marketing_bull_lin_M2325,0
128,2020/1/31,-0.0315081,0.00827853,0,0,0,0,marketing_bull_lin_M2325,0
129,2020/2/28,-0.0196112,0.00826898,0,0,0,0,marketing_bull_lin_M2325,0
130,2020/3/31,-0.0199642,0.007979,0,0,0,0,marketing_bull_lin_M2325,0
131,2020/4/30,0.0632655,0.01125,1,1,0,0,marketing_bull_lin_M2325,0
132,2020/5/29,0.0503547,0.0132709,1,1,1,1,marketing_bull_lin_M2325,0
203,2020/6/30,0.00960308,0.0134508,0,0,1,0,marketing_bull_lin_M2325,0
219,2020/7/31,-0.0390947,0.0138478,0,0,1,0,marketing_bull_lin_M2325,0
235,2020/8/31,-0.020256,0.0139899,0,0,1,0,marketing_bull_lin_M2325,0
145,2019/6/28,-0.044924,0.0330453,0,0,0,0,marketing_bull_lin_M2326,0
146,2019/7/31,-0.0425094,0.0306433,0,0,0,0,marketing_bull_lin_M2326,0
147,2019/8/30,-0.0176233,0.0274531,0,0,0,0,marketing_bull_lin_M2326,0
148,2019/9/30,-0.0230962,0.0246544,0,0,0,0,marketing_bull_lin_M2326,0
149,2019/10/31,-0.0123752,0.0225398,0,0,0,0,marketing_bull_lin_M2326,0
150,2019/11/29,-0.0416668,0.0211422,0,0,0,0,marketing_bull_lin_M2326,0
151,2019/12/31,-0.0329378,0.0192813,0,0,0,0,marketing_bull_lin_M2326,0
152,2020/1/31,-0.0375243,0.0180824,0,0,0,0,marketing_bull_lin_M2326,0
153,2020/2/28,-0.0210174,0.0173945,0,0,0,0,marketing_bull_lin_M2326,0
154,2020/3/31,-0.0221013,0.0169555,0,0,0,0,marketing_bull_lin_M2326,0
155,2020/4/30,0.118863,0.0251705,1,1,0,0,marketing_bull_lin_M2326,0
156,2020/5/29,0.082237,0.0282165,1,1,1,1,marketing_bull_lin_M2326,0
205,2020/6/30,0.0225188,0.028289,0,0,1,0,marketing_bull_lin_M2326,0
221,2020/7/31,-0.0650883,0.0291555,0,0,1,0,marketing_bull_lin_M2326,0
237,2020/8/31,-0.0303936,0.0290502,0,0,1,0,marketing_bull_lin_M2326,0
169,2019/6/28,-0.0463173,0.0161182,0,0,1,0,marketing_bull_lin_M2327,0
170,2019/7/31,-0.0464569,0.016021,0,0,0,-1,marketing_bull_lin_M2327,0
171,2019/8/30,-0.04201,0.0159058,0,0,0,0,marketing_bull_lin_M2327,0
172,2019/9/30,-0.0473443,0.0158938,0,0,0,0,marketing_bull_lin_M2327,0
173,2019/10/31,-0.0382376,0.0158991,0,0,0,0,marketing_bull_lin_M2327,0
174,2019/11/29,-0.0569409,0.0158267,0,0,0,0,marketing_bull_lin_M2327,0
175,2019/12/31,-0.0456481,0.0155503,0,0,0,0,marketing_bull_lin_M2327,0
176,2020/1/31,-0.0447679,0.014994,0,0,0,0,marketing_bull_lin_M2327,0
177,2020/2/28,-0.0187126,0.0143807,0,0,0,0,marketing_bull_lin_M2327,0
178,2020/3/31,0.0356428,0.0155537,1,1,0,0,marketing_bull_lin_M2327,0
179,2020/4/30,0.194204,0.0247273,1,1,1,1,marketing_bull_lin_M2327,0
180,2020/5/29,0.163835,0.0309751,1,1,1,0,marketing_bull_lin_M2327,0
207,2020/6/30,0.0389672,0.0315542,1,1,1,0,marketing_bull_lin_M2327,0
223,2020/7/31,-0.10956,0.0310424,0,0,1,0,marketing_bull_lin_M2327,0
239,2020/8/31,-0.107457,0.0294299,0,0,1,0,marketing_bull_lin_M2327,0
664,2007/9/28,0.0152136,0.0380791,0,0,0,0,marketing_bull_svr,0
665,2007/10/31,0.0359453,0.0390087,0,0,0,0,marketing_bull_svr,0
666,2007/11/30,0.00673792,0.0387796,0,0,0,0,marketing_bull_svr,0
667,2007/12/31,-0.0341334,0.0373904,0,0,0,0,marketing_bull_svr,0
668,2008/1/31,-0.105904,0.0346189,0,0,0,0,marketing_bull_svr,0
669,2008/2/29,-0.0485373,0.0316065,0,0,0,0,marketing_bull_svr,0
670,2008/3/31,-0.0720031,0.0292018,0,0,0,0,marketing_bull_svr,0
671,2008/4/30,-0.0272478,0.0286731,0,0,0,0,marketing_bull_svr,0
672,2008/5/30,-0.0238981,0.0266491,0,0,0,0,marketing_bull_svr,0
673,2008/6/30,-0.0157891,0.0247458,0,0,0,0,marketing_bull_svr,0
674,2008/7/31,0.0136911,0.0244307,0,0,0,0,marketing_bull_svr,0
675,2008/8/29,0.0126589,0.0257447,0,0,0,0,marketing_bull_svr,0
676,2008/9/30,-0.0821358,0.0256925,0,0,0,0,marketing_bull_svr,0
677,2008/10/31,-0.0856099,0.0250658,0,0,0,0,marketing_bull_svr,0
678,2008/11/28,-0.16109,0.0250771,0,0,0,0,marketing_bull_svr,0
679,2008/12/31,-0.0872535,0.0240412,0,0,0,0,marketing_bull_svr,0
680,2009/1/30,-0.115715,0.0222443,0,0,0,0,marketing_bull_svr,0
681,2009/2/27,-0.0444084,0.0193769,0,0,0,0,marketing_bull_svr,0
682,2009/3/31,0.0631122,0.0172013,1,1,0,0,marketing_bull_svr,0
683,2009/4/30,0.103604,0.017656,1,1,1,1,marketing_bull_svr,0
684,2009/5/29,0.136734,0.0233024,1,1,1,0,marketing_bull_svr,0
685,2009/6/30,0.0755375,0.0252512,1,1,1,0,marketing_bull_svr,0
686,2009/7/31,0.0818561,0.0296795,1,1,1,0,marketing_bull_svr,0
687,2009/8/31,0.0876414,0.0347853,1,1,1,0,marketing_bull_svr,0
688,2009/9/30,0.0980486,0.0416305,1,1,1,0,marketing_bull_svr,0
689,2009/10/30,0.0167407,0.0431257,0,0,1,0,marketing_bull_svr,0
690,2009/11/30,-0.0332478,0.0422203,0,0,1,0,marketing_bull_svr,0
691,2009/12/31,-0.0354497,0.0403082,0,0,1,0,marketing_bull_svr,0
692,2010/1/29,0.0672881,0.0430604,1,1,0,-1,marketing_bull_svr,0
693,2010/2/26,0.0733332,0.0475756,1,1,1,1,marketing_bull_svr,0
694,2010/3/31,0.0936567,0.0515385,1,1,1,0,marketing_bull_svr,0
695,2010/4/30,0.0993208,0.0549187,1,1,1,0,marketing_bull_svr,0
696,2010/5/31,0.136983,0.0618114,1,1,1,0,marketing_bull_svr,0
697,2010/6/30,0.0823832,0.0662168,1,1,1,0,marketing_bull_svr,0
698,2010/7/30,0.00891528,0.0680641,0,0,1,0,marketing_bull_svr,0
699,2010/8/31,-0.0312278,0.0683686,0,0,1,0,marketing_bull_svr,0
700,2010/9/30,-0.0192777,0.0691793,0,0,1,0,marketing_bull_svr,0
701,2010/10/29,-0.0511767,0.0687715,0,0,0,-1,marketing_bull_svr,0
702,2010/11/30,-0.0536205,0.0682494,0,0,0,0,marketing_bull_svr,0
703,2010/12/31,-0.0522353,0.0675421,0,0,0,0,marketing_bull_svr,0
704,2011/1/31,-0.0284421,0.0663805,0,0,0,0,marketing_bull_svr,0
705,2011/2/28,-0.0186168,0.0654671,0,0,0,0,marketing_bull_svr,0
706,2011/3/31,-0.00907309,0.0666783,0,0,0,0,marketing_bull_svr,0
707,2011/4/29,-0.0139429,0.0676964,0,0,0,0,marketing_bull_svr,0
708,2011/5/31,-0.0075233,0.0678269,0,0,0,0,marketing_bull_svr,0
709,2011/6/30,-0.00818696,0.068583,0,0,0,0,marketing_bull_svr,0
710,2011/7/29,0.00222396,0.0690123,0,0,0,0,marketing_bull_svr,0
711,2011/8/31,-0.00147491,0.0696099,0,0,0,0,marketing_bull_svr,0
712,2011/9/30,-0.044693,0.066747,0,0,0,0,marketing_bull_svr,0
713,2011/10/31,-0.0690101,0.0613197,0,0,0,0,marketing_bull_svr,0
714,2011/11/30,-0.104346,0.0532147,0,0,0,0,marketing_bull_svr,0
715,2011/12/30,-0.0803386,0.0486699,0,0,0,0,marketing_bull_svr,0
716,2012/1/31,-0.0355771,0.0439281,0,0,0,0,marketing_bull_svr,0
717,2012/2/29,0.00590588,0.0397669,0,0,0,0,marketing_bull_svr,0
718,2012/3/30,0.0163062,0.0351146,0,0,0,0,marketing_bull_svr,0
719,2012/4/30,0.00272109,0.0345719,0,0,0,0,marketing_bull_svr,0
720,2012/5/31,-0.00736654,0.0352521,0,0,0,0,marketing_bull_svr,0
721,2012/6/29,0.00597809,0.0364156,0,0,0,0,marketing_bull_svr,0
722,2012/7/31,-0.0149917,0.0326729,0,0,0,0,marketing_bull_svr,0
723,2012/8/31,0.00517415,0.0290838,0,0,0,0,marketing_bull_svr,0
724,2012/9/28,0.00128056,0.0236642,0,0,0,0,marketing_bull_svr,0
725,2012/10/31,0.0365796,0.0191534,1,1,0,0,marketing_bull_svr,0
726,2012/11/30,0.0224221,0.00928679,1,1,1,1,marketing_bull_svr,0
727,2012/12/31,0.0268685,0.00478961,1,1,1,0,marketing_bull_svr,0
728,2013/1/31,0.0127333,0.00499289,1,1,1,0,marketing_bull_svr,0
729,2013/2/28,0.0194362,0.00705124,1,1,1,0,marketing_bull_svr,0
730,2013/3/29,0.0152901,0.00851138,1,1,1,0,marketing_bull_svr,0
731,2013/4/30,0.011171,0.0102963,1,1,1,0,marketing_bull_svr,0
732,2013/5/31,0.0126437,0.0120653,1,1,1,0,marketing_bull_svr,0
733,2013/6/28,0.0100908,0.0135973,0,0,1,0,marketing_bull_svr,0
734,2013/7/31,0.0086173,0.0147612,0,0,1,0,marketing_bull_svr,0
735,2013/8/30,-0.00526563,0.0151523,0,0,1,0,marketing_bull_svr,0
736,2013/9/30,-0.00919942,0.0151483,0,0,0,-1,marketing_bull_svr,0
737,2013/10/31,-0.0101043,0.0152597,0,0,0,0,marketing_bull_svr,0
738,2013/11/29,-0.0102867,0.0151732,0,0,0,0,marketing_bull_svr,0
739,2013/12/31,-0.00787346,0.0151833,0,0,0,0,marketing_bull_svr,0
740,2014/1/31,0.000849754,0.0151297,0,0,0,0,marketing_bull_svr,0
741,2014/2/28,-0.00189301,0.0151143,0,0,0,0,marketing_bull_svr,0
742,2014/3/31,0.00110559,0.0160841,0,0,0,0,marketing_bull_svr,0
743,2014/4/30,-0.000850783,0.0166747,0,0,0,0,marketing_bull_svr,0
744,2014/5/30,0.0120892,0.0155321,0,0,0,0,marketing_bull_svr,0
745,2014/6/30,0.00958125,0.0139431,0,0,0,0,marketing_bull_svr,0
746,2014/7/31,0.00810149,0.0139188,0,0,0,0,marketing_bull_svr,0
747,2014/8/29,0.0095056,0.014051,0,0,0,0,marketing_bull_svr,0
748,2014/9/30,0.0135548,0.013911,0,0,0,0,marketing_bull_svr,0
749,2014/10/31,0.0115652,0.0142243,0,0,0,0,marketing_bull_svr,0
750,2014/11/28,-0.0180466,0.014252,0,0,0,0,marketing_bull_svr,0
751,2014/12/31,-0.0225519,0.0140023,0,0,0,0,marketing_bull_svr,0
752,2015/1/30,-0.0226644,0.0140544,0,0,0,0,marketing_bull_svr,0
753,2015/2/27,-0.0034342,0.0138198,0,0,0,0,marketing_bull_svr,0
754,2015/3/31,-0.00837152,0.0136217,0,0,0,0,marketing_bull_svr,0
755,2015/4/30,-0.00258756,0.0113991,0,0,0,0,marketing_bull_svr,0
756,2015/5/29,-0.00643911,0.0101321,0,0,0,0,marketing_bull_svr,0
757,2015/6/30,0.000507995,0.00861767,0,0,0,0,marketing_bull_svr,0
758,2015/7/31,-0.0382086,0.00814842,0,0,0,0,marketing_bull_svr,0
759,2015/8/31,-0.0333693,0.00686646,0,0,0,0,marketing_bull_svr,0
760,2015/9/30,-0.0663234,0.00672965,0,0,0,0,marketing_bull_svr,0
761,2015/10/30,-0.0309657,0.00553943,0,0,0,0,marketing_bull_svr,0
762,2015/11/30,-0.0354772,0.00417658,0,0,0,0,marketing_bull_svr,0
763,2015/12/31,-0.0191364,0.00304518,0,0,0,0,marketing_bull_svr,0
764,2016/1/29,-0.022915,0.00188789,0,0,0,0,marketing_bull_svr,0
765,2016/2/29,0.0105695,0.00267165,1,1,0,0,marketing_bull_svr,0
766,2016/3/31,0.0377258,0.00554264,1,1,1,1,marketing_bull_svr,0
767,2016/4/29,0.05984,0.01022,1,1,1,0,marketing_bull_svr,0
768,2016/5/31,0.0325928,0.0123173,1,1,1,0,marketing_bull_svr,0
769,2016/6/30,0.0290309,0.0140379,1,1,1,0,marketing_bull_svr,0
770,2016/7/29,0.0172861,0.0147644,1,1,1,0,marketing_bull_svr,0
771,2016/8/31,0.0273805,0.016129,1,1,1,0,marketing_bull_svr,0
772,2016/9/30,0.0308089,0.0175621,1,1,1,0,marketing_bull_svr,0
773,2016/10/31,0.024769,0.0186834,1,1,1,0,marketing_bull_svr,0
774,2016/11/30,0.0195384,0.0190294,1,1,1,0,marketing_bull_svr,0
775,2016/12/30,-0.00283831,0.0185821,0,0,1,0,marketing_bull_svr,0
776,2017/1/31,-0.00725393,0.0180612,0,0,1,0,marketing_bull_svr,0
777,2017/2/28,-0.0169826,0.01724,0,0,1,0,marketing_bull_svr,0
778,2017/3/31,6.79E-05,0.0166944,0,0,0,-1,marketing_bull_svr,0
779,2017/4/28,0.0108522,0.0166627,0,0,0,0,marketing_bull_svr,0
780,2017/5/31,0.00951929,0.0175154,0,0,0,0,marketing_bull_svr,0
781,2017/6/30,0.00905313,0.0183988,0,0,0,0,marketing_bull_svr,0
782,2017/7/31,-0.00124208,0.018884,0,0,0,0,marketing_bull_svr,0
783,2017/8/31,0.00890132,0.0193137,0,0,0,0,marketing_bull_svr,0
784,2017/9/29,0.0139229,0.0200799,0,0,0,0,marketing_bull_svr,0
785,2017/10/31,0.0198222,0.0209484,0,0,0,0,marketing_bull_svr,0
786,2017/11/30,0.0232612,0.0220711,1,1,0,0,marketing_bull_svr,0
787,2017/12/29,0.0153793,0.0226176,0,0,1,1,marketing_bull_svr,0
788,2018/1/31,0.00131789,0.0231341,0,0,1,0,marketing_bull_svr,0
789,2018/2/28,0.00929519,0.0238492,0,0,1,0,marketing_bull_svr,0
790,2018/3/30,0.0113554,0.0236351,0,0,0,-1,marketing_bull_svr,0
791,2018/4/30,0.0264918,0.0247142,1,1,0,0,marketing_bull_svr,0
792,2018/5/31,-0.00828174,0.024488,0,0,1,1,marketing_bull_svr,0
793,2018/6/29,-0.0150335,0.0244675,0,0,1,0,marketing_bull_svr,0
794,2018/7/31,-0.0268975,0.0245276,0,0,1,0,marketing_bull_svr,0
795,2018/8/31,-0.0108096,0.0241437,0,0,0,-1,marketing_bull_svr,0
796,2018/9/28,-0.0167895,0.0223437,0,0,0,0,marketing_bull_svr,0
797,2018/10/31,-0.0169097,0.0184743,0,0,0,0,marketing_bull_svr,0
798,2018/11/30,-0.00514094,0.0168354,0,0,0,0,marketing_bull_svr,0
799,2018/12/31,-0.00279248,0.0154162,0,0,0,0,marketing_bull_svr,0
800,2019/1/31,0.0148062,0.0152921,0,0,0,0,marketing_bull_svr,0
801,2019/2/28,0.00457848,0.01413,0,0,0,0,marketing_bull_svr,0
802,2019/3/29,0.00427542,0.0126519,0,0,0,0,marketing_bull_svr,0
803,2019/4/30,-0.0187523,0.0111631,0,0,0,0,marketing_bull_svr,0
804,2019/5/31,-0.0272304,0.00997317,0,0,0,0,marketing_bull_svr,0
37,2019/6/28,-0.0252486,0.00971281,0,0,0,0,marketing_bull_svr,10730.8
38,2019/7/31,-0.028394,0.00954121,0,0,0,0,marketing_bull_svr,10823.8
39,2019/8/30,-0.0123653,0.00960416,0,0,0,0,marketing_bull_svr,10618
40,2019/9/30,-0.0116928,0.00928972,0,0,0,0,marketing_bull_svr,10829.7
41,2019/10/31,-0.00503674,0.00865171,0,0,0,0,marketing_bull_svr,11358.7
42,2019/11/29,-0.025498,0.00775809,0,0,0,0,marketing_bull_svr,11489.6
43,2019/12/31,-0.0303787,0.00682238,0,0,0,0,marketing_bull_svr,11997.1
44,2020/1/31,-0.0331789,0.0062842,0,0,0,0,marketing_bull_svr,11495.1
45,2020/2/28,-0.015196,0.00539061,0,0,0,0,marketing_bull_svr,11292.2
46,2020/3/31,0.0151163,0.00546356,1,1,0,0,marketing_bull_svr,9708.06
47,2020/4/30,0.0827341,0.0116013,1,1,1,1,marketing_bull_svr,10992.1
48,2020/5/29,0.0641304,0.0147732,1,1,1,0,marketing_bull_svr,10942.2
196,2020/6/30,-0.00773255,0.0138567,0,0,1,0,marketing_bull_svr,11621.2
212,2020/7/31,-0.0738541,0.013351,0,0,1,0,marketing_bull_svr,12664.8
228,2020/8/31,-0.0574362,0.0120092,0,0,1,0,marketing_bull_svr,12795.5
85,2019/6/28,-0.015189,0.00968951,0,0,1,0,marketing_bull_svr_M1721,0
86,2019/7/31,-0.0178389,0.00911722,0,0,0,-1,marketing_bull_svr_M1721,0
87,2019/8/30,-5.45E-06,0.00862976,0,0,0,0,marketing_bull_svr_M1721,0
88,2019/9/30,0.00263747,0.00811119,0,0,0,0,marketing_bull_svr_M1721,0
89,2019/10/31,0.00511015,0.00797567,0,0,0,0,marketing_bull_svr_M1721,0
90,2019/11/29,-0.0109716,0.00728347,0,0,0,0,marketing_bull_svr_M1721,0
91,2019/12/31,-0.0222555,0.00674684,0,0,0,0,marketing_bull_svr_M1721,0
92,2020/1/31,-0.025371,0.0061307,0,0,0,0,marketing_bull_svr_M1721,0
93,2020/2/28,-0.00838222,0.00606821,0,0,0,0,marketing_bull_svr_M1721,0
94,2020/3/31,-0.0377995,0.00534477,0,0,0,0,marketing_bull_svr_M1721,0
95,2020/4/30,0.0389518,0.00664003,1,1,0,0,marketing_bull_svr_M1721,0
96,2020/5/29,0.025714,0.00726173,1,1,1,1,marketing_bull_svr_M1721,0
200,2020/6/30,0.0378309,0.00865495,1,1,1,0,marketing_bull_svr_M1721,0
216,2020/7/31,-0.0327286,0.00821954,0,0,1,0,marketing_bull_svr_M1721,0
232,2020/8/31,-0.0247383,0.00775662,0,0,1,0,marketing_bull_svr_M1721,0
109,2019/6/28,-0.0551425,0.021421,0,0,1,0,marketing_bull_svr_M1722,0
110,2019/7/31,-0.062172,0.0209692,0,0,0,-1,marketing_bull_svr_M1722,0
111,2019/8/30,-0.0380612,0.0205203,0,0,0,0,marketing_bull_svr_M1722,0
112,2019/9/30,-0.0400476,0.019549,0,0,0,0,marketing_bull_svr_M1722,0
113,2019/10/31,-0.0327574,0.0185352,0,0,0,0,marketing_bull_svr_M1722,0
114,2019/11/29,-0.0666261,0.0170196,0,0,0,0,marketing_bull_svr_M1722,0
115,2019/12/31,-0.0725776,0.0165918,0,0,0,0,marketing_bull_svr_M1722,0
116,2020/1/31,-0.0690382,0.016213,0,0,0,0,marketing_bull_svr_M1722,0
117,2020/2/28,-0.030245,0.0166198,0,0,0,0,marketing_bull_svr_M1722,0
118,2020/3/31,0.0857688,0.0206428,1,1,0,0,marketing_bull_svr_M1722,0
119,2020/4/30,0.266235,0.0374414,1,1,1,1,marketing_bull_svr_M1722,0
120,2020/5/29,0.236514,0.0497939,1,1,1,0,marketing_bull_svr_M1722,0
202,2020/6/30,0.0416552,0.0512298,0,0,1,0,marketing_bull_svr_M1722,0
218,2020/7/31,-0.14093,0.0502014,0,0,1,0,marketing_bull_svr_M1722,0
234,2020/8/31,-0.125399,0.048825,0,0,1,0,marketing_bull_svr_M1722,0
133,2019/6/28,-0.0438139,0.0144712,0,0,1,0,marketing_bull_svr_M2325,0
134,2019/7/31,-0.0475925,0.0140698,0,0,0,-1,marketing_bull_svr_M2325,0
135,2019/8/30,-0.0259581,0.0140672,0,0,0,0,marketing_bull_svr_M2325,0
136,2019/9/30,-0.0253094,0.0135697,0,0,0,0,marketing_bull_svr_M2325,0
137,2019/10/31,-0.0215437,0.0127732,0,0,0,0,marketing_bull_svr_M2325,0
138,2019/11/29,-0.0380997,0.0118958,0,0,0,0,marketing_bull_svr_M2325,0
139,2019/12/31,-0.0438607,0.0107564,0,0,0,0,marketing_bull_svr_M2325,0
140,2020/1/31,-0.0429709,0.00997645,0,0,0,0,marketing_bull_svr_M2325,0
141,2020/2/28,-0.0222976,0.00931577,0,0,0,0,marketing_bull_svr_M2325,0
142,2020/3/31,0.0293352,0.0104775,1,1,0,0,marketing_bull_svr_M2325,0
143,2020/4/30,0.0816039,0.0152561,1,1,1,1,marketing_bull_svr_M2325,0
144,2020/5/29,0.0720328,0.0178443,1,1,1,0,marketing_bull_svr_M2325,0
204,2020/6/30,-0.00546176,0.01626,0,0,1,0,marketing_bull_svr_M2325,0
220,2020/7/31,-0.0457285,0.0147327,0,0,1,0,marketing_bull_svr_M2325,0
236,2020/8/31,-0.0247046,0.0135847,0,0,1,0,marketing_bull_svr_M2325,0
157,2019/6/28,-0.0371495,0.0253108,0,0,0,0,marketing_bull_svr_M2326,0
158,2019/7/31,-0.039207,0.0253132,0,0,0,0,marketing_bull_svr_M2326,0
159,2019/8/30,-0.0211976,0.0248961,0,0,0,0,marketing_bull_svr_M2326,0
160,2019/9/30,-0.0243203,0.023824,0,0,0,0,marketing_bull_svr_M2326,0
161,2019/10/31,-0.00569378,0.022215,0,0,0,0,marketing_bull_svr_M2326,0
162,2019/11/29,-0.0403033,0.0210573,0,0,0,0,marketing_bull_svr_M2326,0
163,2019/12/31,-0.0406764,0.0196744,0,0,0,0,marketing_bull_svr_M2326,0
164,2020/1/31,-0.0490336,0.0183691,0,0,0,0,marketing_bull_svr_M2326,0
165,2020/2/28,-0.0215601,0.0165338,0,0,0,0,marketing_bull_svr_M2326,0
166,2020/3/31,0.0579346,0.0173902,1,1,0,0,marketing_bull_svr_M2326,0
167,2020/4/30,0.112759,0.0223152,1,1,1,1,marketing_bull_svr_M2326,0
168,2020/5/29,0.0780084,0.0247556,1,1,1,0,marketing_bull_svr_M2326,0
206,2020/6/30,-0.0501564,0.0240178,0,0,1,0,marketing_bull_svr_M2326,0
222,2020/7/31,-0.0938614,0.0238394,0,0,1,0,marketing_bull_svr_M2326,0
238,2020/8/31,-0.0630117,0.0232958,0,0,1,0,marketing_bull_svr_M2326,0
181,2019/6/28,-0.0433229,0.0179777,0,0,1,0,marketing_bull_svr_M2327,0
182,2019/7/31,-0.0479961,0.0175926,0,0,0,-1,marketing_bull_svr_M2327,0
183,2019/8/30,-0.039835,0.0173937,0,0,0,0,marketing_bull_svr_M2327,0
184,2019/9/30,-0.0438881,0.0167541,0,0,0,0,marketing_bull_svr_M2327,0
185,2019/10/31,-0.0361857,0.0157847,0,0,0,0,marketing_bull_svr_M2327,0
186,2019/11/29,-0.055744,0.0145633,0,0,0,0,marketing_bull_svr_M2327,0
187,2019/12/31,-0.0553723,0.0133694,0,0,0,0,marketing_bull_svr_M2327,0
188,2020/1/31,-0.0537838,0.0124987,0,0,0,0,marketing_bull_svr_M2327,0
189,2020/2/28,-0.0257085,0.0119516,0,0,0,0,marketing_bull_svr_M2327,0
190,2020/3/31,0.0524302,0.0144926,1,1,0,0,marketing_bull_svr_M2327,0
191,2020/4/30,0.132034,0.02254,1,1,1,1,marketing_bull_svr_M2327,0
192,2020/5/29,0.112473,0.0278198,1,1,1,0,marketing_bull_svr_M2327,0
208,2020/6/30,-0.0262363,0.0264802,0,0,1,0,marketing_bull_svr_M2327,0
224,2020/7/31,-0.112976,0.0245813,0,0,1,0,marketing_bull_svr_M2327,0
240,2020/8/31,-0.110348,0.0225124,0,0,1,0,marketing_bull_svr_M2327,0
