證券名稱,簡稱,年月,市場風險溢酬,規模溢酬 (3因子),規模溢酬 (5因子),淨值市價比溢酬,益本比溢酬,動能因子,短期反轉因子,長期反轉因子,盈利能力因子,投資因子,無風險利率,市場投組,Date
Y8888,上市(不含金融),200001,0.137751,0.054921,0.118964,0.189967,0.05985,-0.29248,0.14621800000000001,0.080347,-0.028831000000000002,-0.010816,0.05,0.14191800000000002,2000-01-31
Y8888L,上市(不含金融),200001,0.122364,0.036962,0.090046,0.15099500000000002,0.04523,-0.219268,0.115535,0.075683,-0.018718,-0.009632,0.05,0.126531,2000-01-31
Y8888,上市(不含金融),200002,-0.025337000000000002,0.013574999999999999,0.02818,0.016309,0.017394,0.053308999999999995,0.013075000000000002,0.03,-0.022173,-0.028952,0.05,-0.02117,2000-02-29
Y8888L,上市(不含金融),200002,-0.029451,0.009078000000000001,0.023743,0.018305000000000002,0.016935,0.050427,0.015178,0.027913999999999998,-0.020015,-0.026787000000000002,0.05,-0.025284,2000-02-29
Y8888,上市(不含金融),200003,0.054476000000000004,-0.024281999999999998,-0.042579000000000006,-0.074297,-0.014129000000000001,0.060818000000000004,-0.010653999999999999,-0.091875,0.045063000000000006,-0.10154,0.05,0.058643,2000-03-31
Y8888L,上市(不含金融),200003,0.044958,-0.026685,-0.042853,-0.069648,-0.015774999999999997,0.056921,0.00015,-0.090089,0.045557999999999994,-0.093488,0.05,0.049124999999999995,2000-03-31
Y8888,上市(不含金融),200004,-0.106874,0.052874,0.035379,-0.08492699999999999,0.038415,0.07039100000000001,-0.062249,-0.043883,0.026188,-0.006753,0.05,-0.10270699999999999,2000-04-30
Y8888L,上市(不含金融),200004,-0.11850300000000001,0.057768,0.036587999999999996,-0.098797,0.040846,0.077347,-0.071325,-0.05037,0.033281,-0.008017,0.05,-0.11433600000000001,2000-04-30
Y8888,上市(不含金融),200005,-0.001498,-0.04293,-0.041268,0.003386,-0.019563999999999998,0.001421,-0.004878,0.003407,-0.017065999999999998,0.062538,0.05,0.0026690000000000004,2000-05-31
Y8888L,上市(不含金融),200005,-0.00538,-0.047958999999999995,-0.046614,0.0009760000000000001,-0.018393,0.004718,-0.006797999999999999,0.001183,-0.017554,0.0687,0.05,-0.001213,2000-05-31
Y8888,上市(不含金融),200006,-0.070598,0.005342,-0.002555,-0.032319,-0.0050929999999999994,0.026524000000000002,0.030115,-0.031389,0.034645,-0.03595,0.05,-0.06643099999999999,2000-06-30
Y8888L,上市(不含金融),200006,-0.076127,0.004789,-0.004236,-0.035468,-0.0050929999999999994,0.029852,0.027651,-0.033672,0.038811,-0.039471,0.05,-0.07196,2000-06-30
Y8888,上市(不含金融),200007,-0.046557,-0.041634000000000004,-0.0049819999999999994,0.050834000000000004,0.11432600000000001,-0.041097999999999996,0.030382,0.049461000000000005,0.063738,0.014523999999999999,0.05,-0.04239,2000-07-31
Y8888L,上市(不含金融),200007,-0.055163000000000004,-0.043112000000000004,-0.0049380000000000005,0.055233,0.113961,-0.047464000000000006,0.02939,0.04944899999999999,0.066743,0.010799000000000001,0.05,-0.050996,2000-07-31
Y8888,上市(不含金融),200008,-0.054794999999999996,0.0011790000000000001,-0.084556,-0.20860199999999998,-0.112568,0.14438700000000002,0.07135,-0.151395,0.067544,-0.023748000000000002,0.05,-0.050628,2000-08-31
Y8888L,上市(不含金融),200008,-0.06692000000000001,0.0040550000000000004,-0.09626099999999999,-0.247012,-0.118108,0.164101,0.07234499999999999,-0.181369,0.083217,-0.027164999999999998,0.05,-0.062753,2000-08-31
Y8888,上市(不含金融),200009,-0.208514,0.008718,0.046001,0.020015,0.087827,-0.045625,0.048407,0.062542,0.057481,0.006175000000000001,0.049,-0.204431,2000-09-30
Y8888L,上市(不含金融),200009,-0.243185,0.011566,0.056781,0.023826,0.102164,-0.048150000000000005,0.054523999999999996,0.07618,0.084909,0.003834,0.049,-0.239102,2000-09-30
Y8888,上市(不含金融),200010,-0.114238,-0.022677999999999997,0.0041789999999999996,0.053068,0.054963,-0.066276,-0.035477,0.0208,0.044199,0.025718,0.049,-0.11015499999999999,2000-10-31
Y8888L,上市(不含金融),200010,-0.13293,-0.023656999999999997,0.007411,0.058193,0.062803,-0.07388,-0.041191000000000005,0.023405,0.056232,0.032719,0.049,-0.12884700000000002,2000-10-31
Y8888,上市(不含金融),200011,-0.052262,-0.004531,-0.044649,-0.091867,-0.0018709999999999998,0.130974,-0.028949,-0.025212,0.011477999999999999,-0.009089,0.05,-0.048095,2000-11-30
Y8888L,上市(不含金融),200011,-0.060048000000000004,-0.007128,-0.053682,-0.114642,-0.002309,0.156507,-0.03505,-0.030671,0.0246,-0.013709,0.05,-0.055881,2000-11-30
Y8888,上市(不含金融),200012,-0.112312,0.009535,0.072223,0.127151,0.12828,-0.010657000000000002,0.010468,0.059732,0.014767999999999998,-0.021501000000000003,0.05,-0.108145,2000-12-31
Y8888L,上市(不含金融),200012,-0.12867800000000001,0.005104,0.07470399999999999,0.143947,0.133688,0.004214,-0.0007480000000000001,0.070432,0.014598999999999999,-0.022141,0.05,-0.124511,2000-12-31
Y8888,上市(不含金融),200101,0.264203,-0.044839000000000004,-0.064059,0.005991,-0.160056,-0.247445,0.24469000000000002,0.000957,-0.027239,0.0067079999999999996,0.05,0.26837,2001-01-31
Y8888L,上市(不含金融),200101,0.22232500000000002,-0.037629,-0.054263000000000006,0.003859,-0.1317,-0.187349,0.196285,-0.001802,-0.018346,0.007239,0.05,0.226492,2001-01-31
Y8888,上市(不含金融),200102,-0.040454,0.089688,0.12717599999999998,0.09531200000000001,0.061538,-0.056860999999999995,-0.045889,0.096461,-0.035491999999999996,0.081461,0.048,-0.036454,2001-02-28
Y8888L,上市(不含金融),200102,-0.047708,0.084082,0.119106,0.086459,0.065039,-0.040104,-0.035144,0.087468,-0.026782,0.07653,0.048,-0.043708,2001-02-28
Y8888,上市(不含金融),200103,0.031147,0.10393599999999999,0.043306,-0.156723,-0.025563,-0.011234,-0.068939,-0.090394,0.029127,0.01719,0.04650000000000001,0.035022000000000005,2001-03-31
Y8888L,上市(不含金融),200103,0.024147,0.09185600000000001,0.0325,-0.153179,-0.025616,0.003154,-0.04966,-0.09692600000000001,0.037308,0.01002,0.04650000000000001,0.028022000000000002,2001-03-31
Y8888,上市(不含金融),200104,-0.07329100000000001,0.003,-0.019836,-0.067857,-0.025148,0.07600699999999999,-0.021164000000000002,-0.038115,0.044638,-0.026606,0.043,-0.06970799999999999,2001-04-30
Y8888L,上市(不含金融),200104,-0.079161,-0.00373,-0.028508,-0.074741,-0.024641000000000003,0.088109,-0.025419,-0.044474,0.052263000000000004,-0.031521,0.043,-0.075578,2001-04-30
Y8888,上市(不含金融),200105,-0.062259,-0.021461,-0.036299,-0.064032,0.003649,0.058223000000000004,-0.063579,-0.084246,0.068206,-0.049486,0.0405,-0.058884,2001-05-31
Y8888L,上市(不含金融),200105,-0.068693,-0.020558,-0.040519999999999994,-0.081538,0.00486,0.072009,-0.07355400000000001,-0.10471399999999999,0.079436,-0.054737,0.0405,-0.065318,2001-05-31
Y8888,上市(不含金融),200106,-0.040072,-0.001227,-0.012132,-0.020286,0.008242000000000001,0.0015249999999999999,0.022301,-0.018009999999999998,0.045365,-0.014969,0.0405,-0.036697,2001-06-30
Y8888L,上市(不含金融),200106,-0.044774,-0.005575,-0.016481,-0.019797,0.009365,0.0031130000000000003,0.021273,-0.018688,0.049991,-0.017782,0.0405,-0.041399,2001-06-30
Y8888,上市(不含金融),200107,-0.086013,-0.021278000000000002,-0.01474,-0.02629,-0.083404,0.098299,-0.023347000000000003,-0.036361,0.095037,-0.021093999999999998,0.0385,-0.082805,2001-07-31
Y8888L,上市(不含金融),200107,-0.099038,-0.024674,-0.016164,-0.027507,-0.097008,0.115959,-0.028077,-0.041481000000000004,0.109706,-0.021745,0.0385,-0.09583,2001-07-31
Y8888,上市(不含金融),200108,-0.007604,0.014803,0.044573,0.237809,0.061418999999999994,-0.12690099999999999,0.075328,0.181341,-0.17354299999999998,0.181635,0.036000000000000004,-0.004604,2001-08-31
Y8888L,上市(不含金融),200108,-0.018428,0.009051,0.037501,0.211158,0.066786,-0.10637600000000001,0.062036,0.149543,-0.148418,0.158079,0.036000000000000004,-0.015427999999999999,2001-08-31
Y8888,上市(不含金融),200109,-0.208458,0.025274,0.03893,0.013288,-0.017616,0.098491,-0.001118,-0.017087,0.04878999999999999,0.035339999999999996,0.031,-0.20587499999999997,2001-09-30
Y8888L,上市(不含金融),200109,-0.24166,0.02955,0.046501,0.016538,-0.023605,0.126714,0.0021,-0.019729,0.063253,0.041282,0.031,-0.23907699999999998,2001-09-30
Y8888,上市(不含金融),200110,0.075903,-0.051712,-0.075228,-0.130342,-0.013861000000000002,0.03535,0.04391200000000001,-0.105336,0.100533,-0.10169600000000001,0.027999999999999997,0.078236,2001-10-31
Y8888L,上市(不含金融),200110,0.065856,-0.052237,-0.075539,-0.130523,-0.012867,0.043407999999999995,0.033813,-0.105989,0.10167999999999999,-0.095671,0.027999999999999997,0.068189,2001-10-31
Y8888,上市(不含金融),200111,0.15126799999999999,-0.023867,-0.058655,-0.176261,-0.035264000000000004,-0.060297,-0.01921,-0.079297,0.121679,-0.164361,0.0245,0.15331,2001-11-30
Y8888L,上市(不含金融),200111,0.13172499999999998,-0.030476,-0.06390900000000001,-0.16653099999999998,-0.040704000000000004,-0.02625,-0.027805,-0.08522,0.110468,-0.148491,0.0245,0.133767,2001-11-30
Y8888,上市(不含金融),200112,0.244252,0.030562999999999996,0.025196999999999997,0.008359,0.092343,-0.19945900000000003,-0.155971,0.103804,-0.03025,-0.033719,0.0245,0.246294,2001-12-31
Y8888L,上市(不含金融),200112,0.209493,0.016311,0.010373,0.00468,0.056011,-0.134409,-0.10736000000000001,0.07734200000000001,-0.023926,-0.025581999999999997,0.0245,0.211535,2001-12-31
Y8888,上市(不含金融),200201,0.061379,0.060759,0.0731,0.106142,0.039257,-0.05683,-0.08230499999999999,0.132467,-0.076462,0.067257,0.023,0.063296,2002-01-31
Y8888L,上市(不含金融),200201,0.052003,0.041391,0.052022000000000006,0.07964299999999999,0.03459,-0.033367,-0.061598,0.09696500000000001,-0.047933,0.048526999999999994,0.023,0.05392,2002-01-31
Y8888,上市(不含金融),200202,-0.031301,0.013956999999999999,0.009427,-0.020659,0.0020239999999999998,-0.009862,-0.005173,-0.042042,-0.009438,0.006807,0.023,-0.029384,2002-02-28
Y8888L,上市(不含金融),200202,-0.034609,0.0077610000000000005,0.002624,-0.026230000000000003,0.002973,-0.002562,0.002497,-0.051044,-0.001091,0.002883,0.023,-0.032692,2002-02-28
Y8888,上市(不含金融),200203,0.089401,0.0719,0.137268,0.324226,0.077538,-0.157358,0.094501,0.288395,-0.190936,0.145727,0.023,0.091318,2002-03-31
Y8888L,上市(不含金融),200203,0.076546,0.053419999999999995,0.10006,0.240836,0.053605,-0.10878299999999999,0.08240399999999999,0.203673,-0.13764300000000002,0.100697,0.023,0.078463,2002-03-31
Y8888,上市(不含金融),200204,-0.034458,0.057969999999999994,0.086646,0.152723,0.04506,-0.172744,-0.036877,0.13600099999999998,-0.096835,0.115511,0.0235,-0.0325,2002-04-30
Y8888L,上市(不含金融),200204,-0.039837,0.044839000000000004,0.06932100000000001,0.130099,0.037416,-0.148836,-0.02619,0.116343,-0.08569399999999999,0.105884,0.0235,-0.037879,2002-04-30
Y8888,上市(不含金融),200205,-0.066897,-0.033500999999999996,-0.023064,-0.029705,0.0005639999999999999,0.065387,0.013286,-0.10659700000000001,0.106796,-0.048492,0.0235,-0.064939,2002-05-31
Y8888L,上市(不含金融),200205,-0.07574399999999999,-0.044043,-0.037311000000000004,-0.050396,-0.011112,0.09330999999999999,0.036457,-0.136332,0.13278399999999999,-0.062432999999999995,0.0235,-0.07378599999999999,2002-05-31
Y8888,上市(不含金融),200206,-0.107069,0.017662999999999998,0.039684,0.08346500000000001,0.026174,-0.012301,-0.072107,0.046632,-0.017394,0.042691999999999994,0.023,-0.105152,2002-06-30
Y8888L,上市(不含金融),200206,-0.11807000000000001,0.014034999999999999,0.03849,0.090969,0.026448999999999997,-0.015508,-0.07950700000000001,0.046283000000000005,-0.013545,0.0461,0.023,-0.11615299999999999,2002-06-30
Y8888,上市(不含金融),200207,-0.030959,0.011431,0.009466,0.00444,0.065022,0.076527,-0.018202,0.02147,-0.025429,0.01788,0.021,-0.029209,2002-07-31
Y8888L,上市(不含金融),200207,-0.044295,0.011458999999999999,0.010669999999999999,0.01127,0.077546,0.072306,-0.016271,0.022126999999999997,-0.025905,0.022324999999999998,0.021,-0.042545,2002-07-31
Y8888,上市(不含金融),200208,-0.038643000000000004,0.014327000000000001,-0.003598,-0.096176,-0.014438,-0.002875,-0.017727,-0.068256,0.062473,-0.034671,0.021,-0.036892999999999995,2002-08-31
Y8888L,上市(不含金融),200208,-0.042854,0.010492999999999999,-0.008381999999999999,-0.102685,-0.013258,-0.002077,-0.020806,-0.07757399999999999,0.070806,-0.038727,0.021,-0.041104,2002-08-31
Y8888,上市(不含金融),200209,-0.124873,0.01164,0.009688,-0.066149,0.08238899999999999,-0.061649,-0.046861,-0.060894000000000004,0.10662699999999999,-0.056268000000000006,0.021,-0.12312300000000001,2002-09-30
Y8888L,上市(不含金融),200209,-0.14039,0.012219,0.008729,-0.08169,0.090861,-0.077476,-0.057246,-0.078032,0.13417400000000002,-0.06776399999999999,0.021,-0.13864,2002-09-30
Y8888,上市(不含金融),200210,0.102364,-0.077201,-0.058612000000000004,0.089101,-0.025145,0.049173,0.095817,0.027471000000000002,-0.050567,0.041468,0.021,0.104114,2002-10-31
Y8888L,上市(不含金融),200210,0.091563,-0.068426,-0.053373,0.076712,-0.027128,0.041886,0.08744500000000001,0.024649,-0.041483,0.036135,0.021,0.09331300000000001,2002-10-31
Y8888,上市(不含金融),200211,0.022786,0.009378,0.025778,0.059881000000000004,-0.014941,-0.021762,0.019614,0.057111999999999996,-0.001188,-0.011583000000000001,0.018500000000000003,0.024328,2002-11-30
Y8888L,上市(不含金融),200211,0.018953,0.00621,0.021141,0.052703,-0.013568,-0.022291,0.017025,0.043732,0.003936,-0.013584,0.018500000000000003,0.020495,2002-11-30
Y8888,上市(不含金融),200212,-0.063312,0.001043,0.027297,0.108898,0.03898,0.051340000000000004,-0.001103,0.037614999999999996,0.002099,0.028163999999999998,0.018500000000000003,-0.06177,2002-12-31
Y8888L,上市(不含金融),200212,-0.072146,0.000344,0.025913,0.106639,0.039576,0.051918,-0.0062180000000000004,0.033753000000000005,0.00715,0.031048,0.018500000000000003,-0.070604,2002-12-31
Y8888,上市(不含金融),200301,0.11549,-0.002113,0.048727,0.300659,0.027191999999999997,0.097243,-0.047831,0.347216,-0.178615,0.16813199999999998,0.0155,0.116782,2003-01-31
Y8888L,上市(不含金融),200301,0.10173199999999999,-0.007665999999999999,0.033715999999999996,0.240586,0.022812000000000002,0.068936,-0.041299,0.258142,-0.133035,0.129573,0.0155,0.103024,2003-01-31
Y8888,上市(不含金融),200302,-0.10412800000000001,0.0058579999999999995,-0.008289999999999999,-0.083783,0.014544,-0.03056,0.111373,-0.08744999999999999,0.041679,-0.037369,0.0155,-0.102836,2003-02-28
Y8888L,上市(不含金融),200302,-0.11257400000000001,0.004091,-0.012891999999999999,-0.100265,0.0155,-0.036705999999999996,0.131489,-0.106578,0.052083000000000004,-0.046726000000000004,0.0155,-0.11128199999999999,2003-02-28
Y8888,上市(不含金融),200303,-0.022882,-0.011403000000000002,-0.021593,-0.072323,0.010386,-0.012271,-0.017377,-0.066535,0.075222,-0.040642,0.0155,-0.021589999999999998,2003-03-31
Y8888L,上市(不含金融),200303,-0.026504,-0.012937,-0.024404,-0.078084,0.009389,-0.014113,-0.015703,-0.071564,0.080786,-0.042657,0.0155,-0.025212,2003-03-31
Y8888,上市(不含金融),200304,-0.041184000000000005,-0.027320999999999998,-0.038783,-0.104869,-0.06381300000000001,-0.090708,-0.073545,-0.115802,0.118276,-0.066551,0.0155,-0.039892,2003-04-30
Y8888L,上市(不含金融),200304,-0.049322,-0.032307999999999996,-0.044212,-0.111927,-0.06352000000000001,-0.090711,-0.081993,-0.127875,0.134267,-0.073897,0.0155,-0.048029999999999996,2003-04-30
Y8888,上市(不含金融),200305,0.105803,0.007606000000000001,-0.00012200000000000001,0.002201,-0.027511,-0.026112000000000003,0.038851,0.017928,-0.059297,0.0053300000000000005,0.01525,0.107074,2003-05-31
Y8888L,上市(不含金融),200305,0.097159,0.009571,0.0007679999999999999,-0.007927,-0.024828000000000003,-0.020739,0.030293,0.001357,-0.044504999999999996,-0.004188,0.01525,0.09843,2003-05-31
Y8888,上市(不含金融),200306,0.078033,0.003434,0.017652,0.10269199999999999,-0.028454,-0.114384,0.017012,0.062380000000000005,-0.090017,0.050475000000000006,0.01525,0.079304,2003-06-30
Y8888L,上市(不含金融),200306,0.071298,0.002354,0.013503000000000001,0.084525,-0.025028,-0.09821099999999999,0.015125999999999999,0.053253,-0.073637,0.040117,0.01525,0.072569,2003-06-30
Y8888,上市(不含金融),200307,0.125183,-0.053984,-0.061177,-0.025331000000000003,0.011175999999999998,-0.036018,-0.007956,0.01496,0.023811,-0.043747,0.013999999999999999,0.12635,2003-07-31
Y8888L,上市(不含金融),200307,0.113314,-0.052862,-0.060434999999999996,-0.028055,0.007716,-0.026231,0.000667,0.00645,0.026533,-0.044382000000000005,0.013999999999999999,0.114481,2003-07-31
Y8888,上市(不含金融),200308,0.059492,-0.077374,-0.080763,-0.006456,-0.038563,-0.003255,-0.038902,-0.019196,-0.023231,-0.022553,0.013999999999999999,0.060659,2003-08-31
Y8888L,上市(不含金融),200308,0.052936,-0.079177,-0.083428,-0.010992,-0.038852000000000005,0.00105,-0.035013999999999997,-0.024139,-0.019133999999999998,-0.024487000000000002,0.013999999999999999,0.054103000000000005,2003-08-31
Y8888,上市(不含金融),200309,-0.01344,-0.0014249999999999998,0.001323,0.012014,0.015971,-0.021091000000000002,-0.034384,0.0044,-0.00269,-0.0028260000000000004,0.013999999999999999,-0.012273000000000001,2003-09-30
Y8888L,上市(不含金融),200309,-0.015068,-0.003954,-0.0015140000000000002,0.009427999999999999,0.015119,-0.019684,-0.034086,0.0027010000000000003,-0.00014000000000000001,-0.006389000000000001,0.013999999999999999,-0.013900999999999998,2003-09-30
Y8888,上市(不含金融),200310,0.05662,-0.016241000000000002,0.006071,0.110146,-0.01175,0.04324,-0.03169,0.07519,-0.072667,0.076334,0.013999999999999999,0.057787,2003-10-31
Y8888L,上市(不含金融),200310,0.051495,-0.015696,0.004109,0.097229,-0.013139000000000001,0.04276099999999999,-0.028323,0.06542500000000001,-0.063216,0.067358,0.013999999999999999,0.05266200000000001,2003-10-31
Y8888,上市(不含金融),200311,-0.043837,0.053771000000000006,0.051905,-0.025116,0.014555,-0.042766,0.016054,-0.016791,0.023271,-0.016735,0.013999999999999999,-0.04267000000000001,2003-11-30
Y8888L,上市(不含金融),200311,-0.046999000000000006,0.050560999999999995,0.048440000000000004,-0.027751,0.011984,-0.043987,0.018163,-0.020365,0.024883000000000002,-0.019506,0.013999999999999999,-0.045832,2003-11-30
Y8888,上市(不含金融),200312,0.016642999999999998,0.034946000000000005,0.037655,0.034943,-0.014991,0.060995999999999995,0.008576,0.004215,-0.017743,0.038756,0.013999999999999999,0.01781,2003-12-31
Y8888L,上市(不含金融),200312,0.014946999999999998,0.030966,0.033023,0.031804,-0.013711,0.055853,0.009492,0.002613,-0.015948,0.034799000000000004,0.013999999999999999,0.016114,2003-12-31
Y8888,上市(不含金融),200401,0.080786,0.027977,0.056002,0.150792,0.044315,0.02667,-0.000453,0.08528000000000001,-0.08456899999999999,0.090559,0.013999999999999999,0.081953,2004-01-31
Y8888L,上市(不含金融),200401,0.074265,0.020558,0.044831,0.126862,0.040018000000000005,0.020417,0.004421,0.070831,-0.070766,0.07216700000000001,0.013999999999999999,0.075432,2004-01-31
Y8888,上市(不含金融),200402,0.040672,0.018587,0.048358,0.103869,0.028381,-0.009027,-0.024655999999999997,-0.051992000000000003,-0.028183,0.037302,0.013999999999999999,0.041839,2004-02-29
Y8888L,上市(不含金融),200402,0.035854,0.01098,0.037656,0.091439,0.026801,-0.013552,-0.020760999999999998,-0.044283,-0.02321,0.031896,0.013999999999999999,0.037021,2004-02-29
Y8888,上市(不含金融),200403,-0.032149000000000004,-0.028892,-0.02889,0.010585,0.002265,0.05023,-0.016204,-0.011378999999999998,-0.006853000000000001,0.02421,0.013999999999999999,-0.030982,2004-03-31
Y8888L,上市(不含金融),200403,-0.035971,-0.033235,-0.033672,0.00738,0.003517,0.054333,-0.014956,-0.015774,-0.0039369999999999995,0.022028,0.013999999999999999,-0.034804,2004-03-31
Y8888,上市(不含金融),200404,-0.063579,-0.00832,-0.018526,-0.043153,0.017496,-0.024734,-0.003683,0.042654,0.034214,-0.037605,0.013999999999999999,-0.062412,2004-04-30
Y8888L,上市(不含金融),200404,-0.070213,-0.011348,-0.022686,-0.050526,0.018082,-0.032461000000000004,-0.000473,0.043973000000000005,0.0417,-0.045899999999999996,0.013999999999999999,-0.069046,2004-04-30
Y8888,上市(不含金融),200405,-0.028224,-0.0044009999999999995,0.0031530000000000004,0.022846,0.010832999999999999,0.02308,0.08502000000000001,-0.046639999999999994,0.0011409999999999999,0.010923,0.013999999999999999,-0.027057,2004-05-31
Y8888L,上市(不含金融),200405,-0.031767,-0.005795,0.0009379999999999999,0.014863,0.01278,0.023548,0.08474,-0.055917,0.006663,0.004326,0.013999999999999999,-0.030600000000000002,2004-05-31
Y8888,上市(不含金融),200406,-0.025160000000000002,-0.041131,-0.048555,-0.052011,0.036833,-0.042787,-0.034780000000000005,-0.10917400000000001,0.05548600000000001,-0.0026929999999999996,0.013999999999999999,-0.023993,2004-06-30
Y8888L,上市(不含金融),200406,-0.030067,-0.045243000000000005,-0.053526,-0.057286000000000004,0.037414,-0.044524999999999995,-0.038472,-0.12002700000000001,0.064384,-0.009288,0.013999999999999999,-0.028900000000000002,2004-06-30
Y8888,上市(不含金融),200407,-0.057812,-0.009961,-0.0032640000000000004,0.026930999999999997,0.044383,-0.016501,-0.059588,-0.040207,-0.004895,0.038723,0.013999999999999999,-0.056645,2004-07-31
Y8888L,上市(不含金融),200407,-0.063037,-0.011546,-0.004196,0.030174,0.04749,-0.018805000000000002,-0.068582,-0.04392,-0.0038529999999999997,0.04115,0.013999999999999999,-0.06187,2004-07-31
Y8888,上市(不含金融),200408,0.06840399999999999,-0.033169,-0.032134,-0.027146,-0.012874000000000002,0.025265,0.033292999999999996,-0.042736,0.043594,-0.045997,0.013999999999999999,0.069571,2004-08-31
Y8888L,上市(不含金融),200408,0.063624,-0.034231,-0.033782,-0.028012000000000002,-0.012978,0.023155000000000002,0.032473,-0.044596,0.043599,-0.044242,0.013999999999999999,0.064791,2004-08-31
Y8888,上市(不含金融),200409,0.005084,-0.014892,-0.004659,0.038244,0.033472,0.084861,-0.050595999999999995,-0.075252,-0.015706,0.0208,0.013999999999999999,0.006251,2004-09-30
Y8888L,上市(不含金融),200409,0.001562,-0.018226,-0.009471,0.032942,0.034686,0.088786,-0.058235,-0.079177,-0.009683,0.014603999999999999,0.013999999999999999,0.0027289999999999997,2004-09-30
Y8888,上市(不含金融),200410,-0.037625,-0.003277,-0.000104,0.009769,0.010477,-0.004069,0.032128000000000004,0.027009,0.019452,0.01572,0.01525,-0.036354000000000004,2004-10-31
Y8888L,上市(不含金融),200410,-0.040959,-0.006091,-0.002704,0.011141000000000002,0.01221,-0.001966,0.032126,0.027791,0.021589,0.015834,0.01525,-0.039688,2004-10-31
Y8888,上市(不含金融),200411,0.031509,-0.032793,-0.035240999999999995,-0.009268,0.011466,0.028295,0.014328,-0.030144,0.020146999999999998,0.003391,0.01525,0.032780000000000004,2004-11-30
Y8888L,上市(不含金融),200411,0.02878,-0.033803,-0.036337,-0.010041,0.011342000000000001,0.029964,0.014934000000000001,-0.03136,0.022389000000000003,0.0011790000000000001,0.01525,0.030051,2004-11-30
Y8888,上市(不含金融),200412,0.052009999999999994,0.014820999999999999,0.016843999999999998,0.02508,-0.019309,-0.013084,-0.001232,0.0030859999999999998,-0.028319,-0.012702999999999999,0.01525,0.053281,2004-12-31
Y8888L,上市(不含金融),200412,0.048912000000000004,0.011720999999999999,0.013496,0.022384,-0.017698000000000002,-0.010995,-0.003729,0.0007199999999999999,-0.022599,-0.013687,0.01525,0.050183,2004-12-31
Y8888,上市(不含金融),200501,-0.021865000000000002,-0.019749000000000003,-0.023578,-0.023683999999999997,-0.016883,0.010183,0.009555000000000001,0.001133,0.034426,-0.008886,0.01595,-0.020536,2005-01-31
Y8888L,上市(不含金融),200501,-0.023679000000000002,-0.022925,-0.027018,-0.024460000000000003,-0.015676000000000002,0.012047,0.00825,-5.7e-05,0.036604,-0.010901000000000001,0.01595,-0.02235,2005-01-31
Y8888,上市(不含金融),200502,0.039759,0.024488,0.018021,-0.054215,0.001321,-0.045948,0.020729,0.007245000000000001,0.049153,-0.04731,0.01595,0.04108799999999999,2005-02-28
Y8888L,上市(不含金融),200502,0.037558,0.021317,0.015253000000000001,-0.051553,-0.000362,-0.04128999999999999,0.017547,0.005638,0.047188,-0.044823,0.01595,0.038887,2005-02-28
Y8888,上市(不含金融),200503,-0.028361,0.018212,0.016389,-0.03686,0.03618,-0.010003999999999999,-0.045911999999999994,0.010233,0.061651,-0.036520000000000004,0.0169,-0.026953,2005-03-31
Y8888L,上市(不含金融),200503,-0.031002000000000002,0.015494,0.013384,-0.038848,0.03644,-0.007881,-0.04698,0.00865,0.066077,-0.038291,0.0169,-0.029594,2005-03-31
Y8888,上市(不含金融),200504,-0.028285,-0.031789,-0.038966,-0.028131,-0.012999,0.044714000000000004,-0.010795999999999998,-0.011085000000000001,0.033565,-0.030593,0.0169,-0.026876999999999998,2005-04-30
Y8888L,上市(不含金融),200504,-0.03109,-0.03445,-0.041947,-0.030642999999999997,-0.011328,0.049728,-0.01134,-0.012292,0.037406999999999996,-0.031552,0.0169,-0.029682,2005-04-30
Y8888,上市(不含金融),200505,0.033061,-0.025727000000000003,-0.03342,-0.019518999999999998,-0.047092999999999996,-0.019929,-0.010058000000000001,0.1003,0.01159,-0.028694,0.0169,0.034469,2005-05-31
Y8888L,上市(不含金融),200505,0.028847,-0.028106,-0.035756,-0.020353,-0.045395000000000005,-0.013113999999999999,-0.008773999999999999,0.097345,0.015527,-0.031815,0.0169,0.030255,2005-05-31
Y8888,上市(不含金融),200506,0.046310000000000004,0.025289000000000002,0.038707,0.068781,-0.013269999999999999,-0.055802,0.020941,8e-06,-0.043321,0.042733999999999994,0.0169,0.047717999999999997,2005-06-30
Y8888L,上市(不含金融),200506,0.043953,0.020155,0.03261,0.063127,-0.010559,-0.04865,0.020735999999999997,0.000177,-0.037709,0.039224,0.0169,0.045361000000000005,2005-06-30
Y8888,上市(不含金融),200507,0.02568,0.010827999999999999,-0.00856,-0.072308,-0.039057,0.05939,0.032908,0.046017,0.019077,-0.027665000000000002,0.0179,0.027172,2005-07-31
Y8888L,上市(不含金融),200507,0.0204,0.007538,-0.010938000000000002,-0.068948,-0.035037,0.05743,0.03558,0.041021999999999996,0.017846,-0.024954,0.0179,0.021892000000000002,2005-07-31
Y8888,上市(不含金融),200508,-0.033597999999999996,-0.038801999999999996,-0.04937299999999999,-0.040042999999999995,-0.0012920000000000002,0.056614000000000005,0.027193000000000002,-0.048339999999999994,0.040635000000000004,0.011931,0.0179,-0.032105999999999996,2005-08-31
Y8888L,上市(不含金融),200508,-0.037958,-0.047707,-0.059723,-0.043833000000000004,0.0006469999999999999,0.05795,0.02574,-0.055582,0.041639,0.015426,0.0179,-0.036466,2005-08-31
Y8888,上市(不含金融),200509,0.020743,-0.01538,-0.022115,-0.026685,-0.033074,0.051007,0.043239,0.0447,0.002827,-0.004286,0.0189,0.022317999999999998,2005-09-30
Y8888L,上市(不含金融),200509,0.017287,-0.016447,-0.022934999999999997,-0.026347999999999996,-0.031869999999999996,0.051928,0.038842,0.043033,0.003951,-0.0043630000000000006,0.0189,0.018862,2005-09-30
Y8888,上市(不含金融),200510,-0.059108,0.005143,-0.002121,-0.035348000000000004,-0.015858,0.08856,0.000891,-0.025876,0.015846,-0.0005290000000000001,0.0189,-0.057533,2005-10-31
Y8888L,上市(不含金融),200510,-0.063945,0.002497,-0.005967,-0.040912,-0.017996,0.09789099999999999,-0.00117,-0.027446,0.017939,-0.003134,0.0189,-0.06237,2005-10-31
Y8888,上市(不含金融),200511,0.086179,-0.015263,-0.018946,-0.006333,-0.033791,0.034943,0.06799000000000001,0.054432,-0.006584,-0.048981000000000004,0.0189,0.087754,2005-11-30
Y8888L,上市(不含金融),200511,0.078844,-0.015741,-0.019104,-0.006664,-0.032751,0.032690000000000004,0.061442,0.049266,-0.005764,-0.045557,0.0189,0.080419,2005-11-30
Y8888,上市(不含金融),200512,0.065463,0.015804,0.023049,0.021932999999999998,0.017828,-0.043047,-0.058572,0.007724,0.004133,-0.040379,0.0199,0.067121,2005-12-31
Y8888L,上市(不含金融),200512,0.059394,0.012688999999999999,0.018913,0.017789,0.016582,-0.036867000000000004,-0.051806,0.002467,0.005621,-0.039522,0.0199,0.061052,2005-12-31
Y8888,上市(不含金融),200601,-0.005289,-0.016949000000000002,-0.02468,-0.022542,-0.011645,0.037079,0.019531,-0.005338000000000001,0.017102,-0.004582,0.0199,-0.0036309999999999997,2006-01-31
Y8888L,上市(不含金融),200601,-0.008797000000000001,-0.018815,-0.026131,-0.021685,-0.010775,0.037338,0.022239,-0.006495,0.018802,-0.004783,0.0199,-0.0071389999999999995,2006-01-31
Y8888,上市(不含金融),200602,-0.005575,-0.006067,-0.012905,-0.013228,0.028485999999999997,0.004626,0.011044,-0.025337000000000002,-0.011226,0.024489999999999998,0.0199,-0.003917,2006-02-28
Y8888L,上市(不含金融),200602,-0.007971,-0.007661,-0.014521,-0.014544,0.028203,0.005239000000000001,0.010034000000000001,-0.027090999999999997,-0.009441,0.023921,0.0199,-0.006313,2006-02-28
Y8888,上市(不含金融),200603,0.022433,0.012362999999999999,0.009402,-0.032973,-0.003787,0.072467,0.0039310000000000005,0.008655000000000001,0.048848,-0.02965,0.0199,0.024091,2006-03-31
Y8888L,上市(不含金融),200603,0.018465,0.009644,0.00681,-0.03232,-0.0035970000000000004,0.06959900000000001,0.002094,0.006836999999999999,0.049153,-0.028588,0.0199,0.020123000000000002,2006-03-31
Y8888,上市(不含金融),200604,0.073213,0.003786,0.020931,0.071798,-0.031417,-0.031516999999999996,0.038887,-0.004313,-0.11042999999999999,0.009063,0.0206,0.07493,2006-04-30
Y8888L,上市(不含金融),200604,0.066581,-0.002334,0.013448,0.065328,-0.027663000000000004,-0.02942,0.033047,-0.0013059999999999999,-0.09292199999999999,0.006973,0.0206,0.068298,2006-04-30
Y8888,上市(不含金融),200605,-0.046590999999999994,0.035735,0.04929,0.074021,-0.011201000000000001,-0.049896,-0.053879,-0.0011949999999999999,-0.073175,0.075962,0.0206,-0.044874,2006-05-31
Y8888L,上市(不含金融),200605,-0.051413,0.032979,0.045564999999999994,0.06753,-0.008099,-0.047305,-0.046981999999999996,-0.0073750000000000005,-0.064113,0.07156699999999999,0.0206,-0.049696,2006-05-31
Y8888,上市(不含金融),200606,-0.022261000000000003,-0.038213,-0.03959,-0.009047,0.033633,0.0030120000000000004,-0.003198,-0.052039999999999996,0.018801000000000002,-0.0032890000000000003,0.0206,-0.020543999999999996,2006-06-30
Y8888L,上市(不含金融),200606,-0.026248,-0.040046,-0.04167,-0.009322,0.037223,0.002056,-0.004175,-0.055758,0.019483,-0.002687,0.0206,-0.024531,2006-06-30
Y8888,上市(不含金融),200607,-0.021362000000000003,0.024310000000000002,0.02609,-0.027892999999999998,0.013939,0.031929,0.017827,-0.022008,0.039207,-0.045349,0.0213,-0.019587,2006-07-31
Y8888L,上市(不含金融),200607,-0.023502000000000002,0.022555000000000002,0.02453,-0.027632,0.016026,0.030834,0.017348,-0.022978000000000002,0.040686,-0.046536999999999995,0.0213,-0.021727,2006-07-31
Y8888,上市(不含金融),200608,0.048773,-0.020932,-0.036084,-0.083703,-0.044225,0.046733000000000004,-0.02027,-0.038919,0.056902,-0.049756999999999996,0.0213,0.050548,2006-08-31
Y8888L,上市(不含金融),200608,0.044576000000000005,-0.022456999999999998,-0.037335,-0.080857,-0.040357000000000004,0.044239,-0.020644,-0.038049,0.055286999999999996,-0.048327999999999996,0.0213,0.046351,2006-08-31
Y8888,上市(不含金融),200609,0.037541000000000005,-0.018079,-0.010697000000000002,0.029731,-0.005273,0.00984,0.012496,-0.019159,-0.0036720000000000004,0.01778,0.0213,0.039316,2006-09-30
Y8888L,上市(不含金融),200609,0.034997,-0.020172,-0.012704,0.029447,-0.002388,0.011324,0.012331000000000002,-0.020183,-0.0012770000000000001,0.013312,0.0213,0.036772,2006-09-30
Y8888,上市(不含金融),200610,0.023214000000000002,0.069621,0.075355,0.029060000000000002,0.009048,0.017112000000000002,-0.034117,-0.011876,-0.002985,0.018335,0.022000000000000002,0.025047,2006-10-31
Y8888L,上市(不含金融),200610,0.020714,0.061925999999999995,0.067417,0.028105,0.010817,0.01607,-0.030916000000000003,-0.009909,-0.000565,0.016584,0.022000000000000002,0.022547,2006-10-31
Y8888,上市(不含金融),200611,0.07397300000000001,0.038351,0.049498,0.094266,-0.016403,-0.028362,-0.090753,0.08160600000000001,-0.069573,0.074959,0.022000000000000002,0.075806,2006-11-30
Y8888L,上市(不含金融),200611,0.067698,0.030497999999999997,0.040369,0.080699,-0.012889999999999999,-0.027002,-0.075214,0.069234,-0.056402,0.06091,0.022000000000000002,0.069531,2006-11-30
Y8888,上市(不含金融),200612,0.034638,0.055175,0.060461,0.07522000000000001,0.006284,-0.021477,-0.0069689999999999995,0.088226,-0.053480999999999994,0.071817,0.022000000000000002,0.036471,2006-12-31
Y8888L,上市(不含金融),200612,0.030988,0.043904,0.049166,0.06444,0.007482,-0.021847,-0.002926,0.075708,-0.040461,0.05829500000000001,0.022000000000000002,0.032820999999999996,2006-12-31
Y8888,上市(不含金融),200701,-0.018536,0.029598,0.014217,-0.097973,-0.03212,-0.006583,0.03007,-0.025617,0.06378400000000001,-0.022332,0.0223,-0.016678,2007-01-31
Y8888L,上市(不含金融),200701,-0.021748,0.019935,0.005938,-0.093001,-0.022488,-0.012917000000000001,0.032944,-0.029727,0.065541,-0.025421999999999997,0.0223,-0.01989,2007-01-31
Y8888,上市(不含金融),200702,0.027664,0.020038,0.020478,-0.007386,0.014341,0.022997999999999998,0.019101999999999997,-0.045243000000000005,-0.0031730000000000005,-0.014982,0.0223,0.029522,2007-02-28
Y8888L,上市(不含金融),200702,0.026042,0.016196,0.016838,-0.006928,0.014625999999999998,0.020072999999999997,0.019909,-0.038864,-0.002498,-0.015366,0.0223,0.0279,2007-02-28
Y8888,上市(不含金融),200703,0.004957,0.08416499999999999,0.08304399999999999,-0.010228,-0.008152,-0.006423,-0.02193,0.005353,-0.005259000000000001,0.003049,0.0223,0.006815,2007-03-31
Y8888L,上市(不含金融),200703,0.001527,0.070971,0.070048,-0.010846,-0.002673,-0.010076,-0.014081999999999999,0.010311999999999998,0.000993,-0.001361,0.0223,0.0033850000000000004,2007-03-31
Y8888,上市(不含金融),200704,-0.001986,-0.026886999999999998,-0.011564000000000001,0.060525,0.028694,-0.043890000000000005,0.040799,-0.010152000000000001,-0.029858,-0.022626,0.0226,-0.000103,2007-04-30
Y8888L,上市(不含金融),200704,-0.005076000000000001,-0.030281,-0.01574,0.057142,0.028938000000000002,-0.042841,0.043156999999999994,-0.010662,-0.028077,-0.025136,0.0226,-0.0031929999999999997,2007-04-30
Y8888,上市(不含金融),200705,0.039585,0.006928,0.000689,-0.036217,-0.020555,0.013817999999999999,0.019017,0.014448,0.021996,0.001027,0.0226,0.041468,2007-05-31
Y8888L,上市(不含金融),200705,0.035886999999999995,0.003624,-0.001954,-0.034109,-0.017777,0.013146999999999999,0.017734,0.012100999999999999,0.022337,0.000473,0.0226,0.03777,2007-05-31
Y8888,上市(不含金融),200706,0.093415,0.030139999999999997,0.031736,0.015809,-0.018445,0.017153,-0.041346999999999995,0.025474,-0.018953,0.031446999999999996,0.0246,0.095465,2007-06-30
Y8888L,上市(不含金融),200706,0.08612299999999999,0.022691,0.024154,0.014143,-0.012853000000000002,0.012867,-0.030985,0.0207,-0.014113,0.022713,0.0246,0.088173,2007-06-30
Y8888,上市(不含金融),200707,0.056547,0.07684,0.072153,0.052431,-0.035399,0.070746,-0.008572,0.026271,-0.069828,0.050597,0.0246,0.058597,2007-07-31
Y8888L,上市(不含金融),200707,0.048029,0.06299400000000001,0.060036,0.049,-0.026217,0.060294,-0.0034599999999999995,0.021973,-0.060993000000000006,0.043235,0.0246,0.050079000000000005,2007-07-31
Y8888,上市(不含金融),200708,-0.019701,-0.06296299999999999,-0.062769,-0.031541,0.04014,0.016454,0.026004,-0.037622,0.047574,-0.04594,0.0246,-0.017651,2007-08-31
Y8888L,上市(不含金融),200708,-0.026099999999999998,-0.07131,-0.070803,-0.029609,0.046403999999999994,0.010345,0.035428,-0.03837,0.049997999999999994,-0.047270000000000006,0.0246,-0.02405,2007-08-31
Y8888,上市(不含金融),200709,0.056515,-0.019287000000000002,-0.020435,0.038518,-0.033672,0.012904,0.024869,-0.02328,-0.038986,0.0301,0.0253,0.058623,2007-09-30
Y8888L,上市(不含金融),200709,0.052181,-0.019802,-0.020638999999999998,0.037343,-0.031246999999999997,0.010912999999999999,0.023482,-0.02145,-0.035556000000000004,0.026293,0.0253,0.054289,2007-09-30
Y8888,上市(不含金融),200710,0.019487,-0.11095100000000001,-0.104741,0.021535000000000002,0.036037,-0.092348,0.017581,-0.003179,-0.004742,-0.024645,0.0253,0.021595,2007-10-31
Y8888L,上市(不含金融),200710,0.013712,-0.111967,-0.106326,0.019863,0.036687,-0.097232,0.020353,-0.006507,0.000886,-0.026584,0.0253,0.01582,2007-10-31
Y8888,上市(不含金融),200711,-0.12065799999999999,-0.015114,-0.016040000000000002,-0.0033889999999999997,0.044934,-0.091306,-0.030842,-0.010096,0.020646,0.020172,0.0253,-0.11855,2007-11-30
Y8888L,上市(不含金融),200711,-0.132433,-0.020034,-0.020566,-0.000901,0.054431,-0.11028299999999999,-0.035184,-0.012746,0.023992,0.02109,0.0253,-0.130325,2007-11-30
Y8888,上市(不含金融),200712,-0.010941000000000001,-0.017679,-0.01974,-0.007047,0.020009000000000002,-0.019381,-0.016986,-0.023683999999999997,0.017082,-0.014162999999999999,0.026099999999999998,-0.008766000000000001,2007-12-31
Y8888L,上市(不含金融),200712,-0.012849,-0.020087999999999998,-0.022142,-0.005817,0.021349,-0.021453000000000003,-0.01882,-0.024768,0.018301,-0.014204000000000001,0.026099999999999998,-0.010674,2007-12-31
Y8888,上市(不含金融),200801,-0.137539,-0.000946,0.006782,0.089112,0.04423,-0.073304,-0.012177,-0.04967,-0.044180000000000004,0.037857,0.026099999999999998,-0.135364,2008-01-31
Y8888L,上市(不含金融),200801,-0.159351,0.002123,0.011696,0.104191,0.057527,-0.084871,-0.020897000000000002,-0.054444,-0.041884,0.041776,0.026099999999999998,-0.15717599999999998,2008-01-31
Y8888,上市(不含金融),200802,0.120409,0.031008,0.032635,0.050932000000000005,-0.057241999999999994,0.020856,0.042273,0.021421000000000003,-0.08865600000000001,0.042960000000000005,0.026099999999999998,0.122584,2008-02-29
Y8888L,上市(不含金融),200802,0.11065,0.023299,0.024666999999999998,0.042795,-0.049962,0.015929,0.040884000000000004,0.014849000000000001,-0.072523,0.031361,0.026099999999999998,0.11282500000000001,2008-02-29
Y8888,上市(不含金融),200803,0.014221999999999999,0.034112,0.034968,0.028384,0.02827,0.014332000000000001,0.012821,-0.01513,-0.005574,0.02528,0.026099999999999998,0.016397,2008-03-31
Y8888L,上市(不含金融),200803,0.011136,0.032628,0.033056999999999996,0.026476000000000003,0.028132,0.015281,0.01409,-0.014895,-0.005802000000000001,0.024979,0.026099999999999998,0.013311,2008-03-31
Y8888,上市(不含金融),200804,0.028988999999999997,0.024525,0.023330000000000004,-0.010605,0.008582,-0.012157,0.035868000000000004,0.020985999999999998,0.018565,-0.011025,0.0265,0.031197,2008-04-30
Y8888L,上市(不含金融),200804,0.02561,0.020905999999999998,0.019646999999999998,-0.013539,0.004707,-0.014081,0.036812,0.018855999999999998,0.018154999999999998,-0.012311,0.0265,0.027818,2008-04-30
Y8888,上市(不含金融),200805,-0.030102000000000004,0.005039,0.0064659999999999995,0.003304,0.015936,0.023649,-0.005528999999999999,-0.008883,0.015026,-0.002006,0.0265,-0.027894000000000002,2008-05-31
Y8888L,上市(不含金融),200805,-0.032247,0.001967,0.0027400000000000002,-0.000412,0.013874,0.023947,-0.0038729999999999997,-0.00924,0.017192,-0.004537,0.0265,-0.030038999999999996,2008-05-31
Y8888,上市(不含金融),200806,-0.125623,-0.051237000000000005,-0.053198999999999996,-0.040243,0.043848000000000005,0.058086,-0.026305000000000002,-0.016529000000000002,0.068907,0.009688,0.0265,-0.123415,2008-06-30
Y8888L,上市(不含金融),200806,-0.140018,-0.063454,-0.065035,-0.044837999999999996,0.055601000000000005,0.069344,-0.032439,-0.020476,0.08381999999999999,0.011089,0.0265,-0.13781000000000002,2008-06-30
Y8888,上市(不含金融),200807,-0.032462,0.022149000000000002,0.009427,-0.055443,-0.012584,0.011902,0.021327,-0.064695,0.033249,-0.010690999999999999,0.0271,-0.030203999999999998,2008-07-31
Y8888L,上市(不含金融),200807,-0.036796999999999996,0.02183,0.008282000000000001,-0.059318,-0.009609,0.013937999999999999,0.017957,-0.07072600000000001,0.037874,-0.013023,0.0271,-0.034539,2008-07-31
Y8888,上市(不含金融),200808,0.014111,-0.013448,-0.011046,-0.007289,0.047747000000000005,-0.09229799999999999,0.017816000000000002,-0.020788,0.053185,-0.024371,0.0271,0.016369,2008-08-31
Y8888L,上市(不含金融),200808,0.009389999999999999,-0.016349,-0.013031999999999998,-0.0038640000000000002,0.051466000000000005,-0.088976,0.018933,-0.019689,0.056855,-0.023893,0.0271,0.011648,2008-08-31
Y8888,上市(不含金融),200809,-0.18355,-0.04921299999999999,-0.04874,-0.039106999999999996,0.068284,0.097731,-0.006222,0.002482,0.068703,-0.017581,0.0271,-0.181292,2008-09-30
Y8888L,上市(不含金融),200809,-0.211537,-0.06468,-0.063126,-0.046773999999999996,0.092113,0.123673,-0.012121,0.001807,0.09160399999999999,-0.023313,0.0271,-0.20927900000000002,2008-09-30
Y8888,上市(不含金融),200810,-0.135126,0.049397,0.054641,0.002195,0.022005,0.045033000000000004,-0.007775,0.00314,0.017861000000000002,0.013295,0.025550000000000003,-0.132997,2008-10-31
Y8888L,上市(不含金融),200810,-0.15581899999999999,0.056271,0.063039,0.003845,0.028163999999999998,0.053444000000000005,-0.012643999999999999,-2.8e-05,0.024123000000000002,0.016197,0.025550000000000003,-0.15369,2008-10-31
Y8888,上市(不含金融),200811,-0.09952899999999999,0.010458,0.00122,0.023585,-0.104008,0.07395800000000001,-0.025995,0.00565,-0.072196,0.045663999999999996,0.0217,-0.097721,2008-11-30
Y8888L,上市(不含金融),200811,-0.11514300000000001,0.009425,0.00042500000000000003,0.022462,-0.10094900000000001,0.09287100000000001,-0.036070000000000005,0.0010119999999999999,-0.066595,0.045304000000000004,0.0217,-0.113335,2008-11-30
Y8888,上市(不含金融),200812,0.015686,-0.005046,-0.001002,0.022075,-0.05143,-0.063569,0.032746,0.026118000000000002,-0.017722,0.027490999999999998,0.014199999999999999,0.016869000000000002,2008-12-31
Y8888L,上市(不含金融),200812,0.011819,-0.0061470000000000006,-0.002312,0.020191,-0.049311999999999995,-0.05904499999999999,0.030085,0.022968000000000002,-0.014328,0.025485999999999998,0.014199999999999999,0.013002,2008-12-31
Y8888,上市(不含金融),200901,-0.063037,0.012417000000000001,0.014267,0.008005,0.014215,0.000455,0.00836,0.0072250000000000005,0.004719999999999999,0.001333,0.0092,-0.062270000000000006,2009-01-31
Y8888L,上市(不含金融),200901,-0.068146,0.012915000000000001,0.014919,0.00903,0.015486999999999999,0.00010200000000000001,0.007671,0.008107999999999999,0.006826,0.0011799999999999998,0.0092,-0.067379,2009-01-31
Y8888,上市(不含金融),200902,0.087546,-0.015365,-0.014515,-0.023622999999999998,0.010912999999999999,-0.109862,-0.005011,0.0036509999999999997,0.049344,-0.047525000000000005,0.0077,0.08818799999999999,2009-02-28
Y8888L,上市(不含金融),200902,0.079885,-0.016826,-0.016541,-0.024543,0.014066,-0.094816,-0.004462,0.0035299999999999997,0.051448999999999995,-0.044209,0.0077,0.080527,2009-02-28
Y8888,上市(不含金融),200903,0.131951,0.0279,0.039096,0.09779,-0.011701999999999999,-0.09853400000000001,0.004353,0.087718,-0.094587,0.041291,0.0077,0.132593,2009-03-31
Y8888L,上市(不含金融),200903,0.120003,0.021278000000000002,0.030379999999999997,0.081176,-0.006454,-0.080465,0.0047610000000000005,0.071203,-0.075718,0.032024,0.0077,0.120645,2009-03-31
Y8888,上市(不含金融),200904,0.13758599999999999,0.000997,0.0025340000000000002,0.0018659999999999998,0.024954999999999998,-0.074193,-0.015634,-0.014504999999999999,-0.006047,-0.038946999999999996,0.0077,0.13822800000000002,2009-04-30
Y8888L,上市(不含金融),200904,0.125186,-0.007215,-0.0056240000000000005,0.001155,0.028144,-0.065297,-0.018357000000000002,-0.015277,-0.002088,-0.037833,0.0077,0.125828,2009-04-30
Y8888,上市(不含金融),200905,0.123993,0.036498,0.02477,-0.029105,-0.108393,-0.095899,-0.021494,-0.048732,-0.045563,-0.007756,0.0077,0.124635,2009-05-31
Y8888L,上市(不含金融),200905,0.109094,0.025985,0.015821,-0.028103,-0.08203900000000001,-0.075674,-0.017161,-0.041995,-0.031968,-0.010338,0.0077,0.109736,2009-05-31
Y8888,上市(不含金融),200906,-0.062229,0.0013700000000000001,-0.001795,-0.017971,-0.008145,0.006551,0.020553,-0.030678,0.009314,-0.004204,0.0077,-0.061586999999999996,2009-06-30
Y8888L,上市(不含金融),200906,-0.067022,-0.000457,-0.00431,-0.023001,-0.004652,0.011006,0.023967000000000002,-0.032823000000000005,0.014447000000000002,-0.0063,0.0077,-0.06638,2009-06-30
Y8888,上市(不含金融),200907,0.127929,0.045635,0.049756,0.007781,0.029607,-0.015787,0.059187000000000003,0.077256,0.017712000000000002,-0.01924,0.0077,0.12857100000000002,2009-07-31
Y8888L,上市(不含金融),200907,0.11585699999999999,0.034574,0.038348,0.007836,0.025934,-0.014227,0.051377,0.068058,0.015491,-0.013444000000000001,0.0077,0.116499,2009-07-31
Y8888,上市(不含金融),200908,-0.017249,0.008673,-0.003886,-0.043247,0.025377999999999998,0.015824,-0.020030000000000003,-0.030695,0.031122,0.002353,0.0077,-0.016607,2009-08-31
Y8888L,上市(不含金融),200908,-0.020882,0.00843,-0.00508,-0.046831,0.027326000000000003,0.014859,-0.020181,-0.03277,0.033755,0.002793,0.0077,-0.02024,2009-08-31
Y8888,上市(不含金融),200909,0.08883200000000001,0.032026,0.02721,0.0026969999999999997,-0.028192,0.009343,0.025446,0.020108,-0.017554,0.007998,0.0077,0.089474,2009-09-30
Y8888L,上市(不含金融),200909,0.082528,0.025880999999999998,0.0217,0.0023639999999999998,-0.023979,0.006935,0.024001,0.015777,-0.014829000000000002,0.007053,0.0077,0.08317000000000001,2009-09-30
Y8888,上市(不含金融),200910,-0.02373,0.032174,0.04248300000000001,0.054169999999999996,0.030825,-0.030045000000000002,-0.022320000000000003,0.041844,-0.046632,0.013389,0.009000000000000001,-0.02298,2009-10-31
Y8888L,上市(不含金融),200910,-0.026539,0.028277,0.038435000000000004,0.05311,0.032111,-0.030447000000000002,-0.019274,0.038789,-0.041371000000000005,0.010382,0.009000000000000001,-0.025789,2009-10-31
Y8888,上市(不含金融),200911,0.040182999999999996,0.036897,0.044654,0.022416000000000002,0.009158,-0.008520999999999999,-0.002029,0.012719000000000001,0.019869,-0.022239,0.009000000000000001,0.040933000000000004,2009-11-30
Y8888L,上市(不含金融),200911,0.037438,0.030501999999999998,0.037154,0.018504,0.008302,-0.007758,0.001002,0.00916,0.019699,-0.02019,0.009000000000000001,0.038188,2009-11-30
Y8888,上市(不含金融),200912,0.081243,0.051115,0.062186000000000005,0.044621,0.02778,0.019094,-0.024961999999999998,0.072549,-0.026080000000000002,-0.015568,0.009000000000000001,0.081993,2009-12-31
Y8888L,上市(不含金融),200912,0.07534,0.043358,0.051938000000000005,0.034714999999999996,0.026511,0.016108,-0.020525,0.060793,-0.019589000000000002,-0.012919,0.009000000000000001,0.07609,2009-12-31
Y8888,上市(不含金融),201001,-0.060895000000000005,-0.027597999999999998,-0.021841,0.010158,0.031506,-0.06618299999999999,0.059892,-0.026729,0.032349,0.015548,0.009000000000000001,-0.060145,2010-01-31
Y8888L,上市(不含金融),201001,-0.065572,-0.033445,-0.027847,0.007206000000000001,0.036329,-0.071932,0.063962,-0.03094,0.038508,0.016139,0.009000000000000001,-0.06482199999999999,2010-01-31
Y8888,上市(不含金融),201002,-0.028079,0.033406,0.028607999999999998,-0.012303999999999999,0.009488,0.008496,-0.001203,-0.023629999999999998,0.005544,-0.0031569999999999997,0.009000000000000001,-0.027329,2010-02-28
Y8888L,上市(不含金融),201002,-0.029875,0.033256,0.027818999999999997,-0.014311,0.010377,0.007862000000000001,-0.000528,-0.025301,0.006233,-0.002966,0.009000000000000001,-0.029125,2010-02-28
Y8888,上市(不含金融),201003,0.06559999999999999,0.041867,0.049314,0.02563,-0.027896,0.019567,0.028727,0.028103,-0.0178,-0.025543999999999997,0.009000000000000001,0.06634999999999999,2010-03-31
Y8888L,上市(不含金融),201003,0.061458000000000006,0.036240999999999995,0.043025,0.023239999999999997,-0.02559,0.01693,0.02841,0.024228999999999997,-0.01518,-0.025075,0.009000000000000001,0.062208,2010-03-31
Y8888,上市(不含金融),201004,0.014076,0.009111000000000001,0.013146,0.032425999999999996,0.035303,0.01106,-0.0025340000000000002,0.016306,-0.005951,-0.016366000000000002,0.009000000000000001,0.014825999999999999,2010-04-30
Y8888L,上市(不含金融),201004,0.011685000000000001,0.005,0.008472,0.028641999999999997,0.034059,0.01077,0.001971,0.014844,-0.001495,-0.016188,0.009000000000000001,0.012435,2010-04-30
Y8888,上市(不含金融),201005,-0.08062799999999999,-0.009555000000000001,-0.015347,-0.0166,-0.018941,-0.049424,-0.013236000000000001,-0.013579,0.018615,0.016517999999999998,0.009000000000000001,-0.079878,2010-05-31
Y8888L,上市(不含金融),201005,-0.087105,-0.011664,-0.018269999999999998,-0.020057000000000002,-0.020427,-0.052868000000000005,-0.013630999999999999,-0.01813,0.023454000000000003,0.016048,0.009000000000000001,-0.086355,2010-05-31
Y8888,上市(不含金融),201006,-0.011742999999999998,0.015025,0.015891,0.00959,-0.003108,-0.008135,-0.015688999999999998,-0.018327,0.003218,0.026987999999999998,0.010249999999999999,-0.010889,2010-06-30
Y8888L,上市(不含金融),201006,-0.013512999999999999,0.01492,0.015784,0.009701999999999999,-0.001809,-0.009098,-0.015535,-0.018045,0.0035499999999999998,0.02765,0.010249999999999999,-0.012659,2010-06-30
Y8888,上市(不含金融),201007,0.082615,-0.001489,0.004651,0.022058,0.045438,-0.025326,0.008784,0.001261,0.021227999999999997,-0.014376,0.010249999999999999,0.083469,2010-07-31
Y8888L,上市(不含金融),201007,0.076357,-0.0027300000000000002,0.0032790000000000002,0.020028,0.039872,-0.022347000000000002,0.008902,-0.000709,0.018992,-0.014571,0.010249999999999999,0.077211,2010-07-31
Y8888,上市(不含金融),201008,-0.01307,-0.013056000000000002,-0.012301,0.0005070000000000001,0.024613,-0.027747,-0.011560999999999998,-0.026916000000000002,0.006543,-0.000797,0.010249999999999999,-0.012216,2010-08-31
Y8888L,上市(不含金融),201008,-0.01679,-0.015725,-0.015074,-0.000137,0.023365999999999998,-0.030741,-0.009630999999999999,-0.027426,0.007201999999999999,-0.001935,0.010249999999999999,-0.015936,2010-08-31
Y8888,上市(不含金融),201009,0.08490600000000001,-0.015183,-0.012832,0.015859,-0.029209,0.001374,0.011276,0.042900999999999995,-0.010613,0.005012,0.010249999999999999,0.08576,2010-09-30
Y8888L,上市(不含金融),201009,0.079173,-0.015371999999999999,-0.012946,0.015744,-0.026480999999999998,-0.000994,0.012248000000000002,0.037278,-0.007509,0.004774,0.010249999999999999,0.08002700000000001,2010-09-30
Y8888,上市(不含金融),201010,0.007991,-0.035122,-0.028586999999999998,0.032687,-0.001484,0.001072,-0.003826,-0.019947,-0.017755,0.021301999999999998,0.0113,0.008933,2010-10-31
Y8888L,上市(不含金融),201010,0.005561,-0.035361,-0.029036,0.031989000000000004,-0.000241,-0.000638,-0.003881,-0.019667,-0.015456000000000001,0.021081,0.0113,0.006503,2010-10-31
Y8888,上市(不含金融),201011,0.013234999999999999,-0.030708000000000003,-0.034533,-0.018832,0.01552,0.040103,-0.017986,0.006115000000000001,0.021818,-0.016446000000000002,0.0113,0.014177,2010-11-30
Y8888L,上市(不含金融),201011,0.010857,-0.031408,-0.035168,-0.01879,0.014581,0.037633,-0.018573,0.003228,0.022155,-0.017094,0.0113,0.011798999999999999,2010-11-30
Y8888,上市(不含金融),201012,0.05598499999999999,-0.006358,-0.002661,0.028673999999999998,-0.019956,-0.01571,0.013258,0.043978,-0.031959,0.052232,0.0113,0.056927000000000005,2010-12-31
Y8888L,上市(不含金融),201012,0.052275999999999996,-0.008391,-0.0047020000000000005,0.027997,-0.01762,-0.015115,0.013085,0.037905,-0.028399,0.047067,0.0113,0.053217999999999994,2010-12-31
Y8888,上市(不含金融),201101,0.015181,-0.015408999999999999,-0.013515,-0.001585,-0.000707,-0.011495,-0.025874,0.017095,0.0028139999999999997,0.012327,0.011899999999999999,0.016173,2011-01-31
Y8888L,上市(不含金融),201101,0.012331000000000002,-0.015002999999999999,-0.012851999999999999,-0.001136,0.000317,-0.011393,-0.025851000000000002,0.014937,0.004158,0.012251000000000001,0.011899999999999999,0.013323,2011-01-31
Y8888,上市(不含金融),201102,-0.054787999999999996,0.024032,0.016413,-0.026299000000000003,0.009197,0.041443,-0.017461,-0.014598999999999999,0.005703000000000001,0.023049,0.011899999999999999,-0.053796,2011-02-28
Y8888L,上市(不含金融),201102,-0.058877,0.024861,0.017078,-0.027105999999999998,0.010722,0.043264,-0.017396000000000002,-0.016735,0.007076,0.023397,0.011899999999999999,-0.057885,2011-02-28
Y8888,上市(不含金融),201103,0.0053159999999999995,0.003003,-0.0016,-0.020192,0.008199999999999999,0.044591000000000006,-0.034547,-0.056426,0.0026019999999999997,0.019633,0.011899999999999999,0.006308,2011-03-31
Y8888L,上市(不含金融),201103,0.002696,0.0009320000000000001,-0.003094,-0.018087,0.008519,0.045347,-0.034820000000000004,-0.056738,0.003498,0.018906,0.011899999999999999,0.0036880000000000003,2011-03-31
Y8888,上市(不含金融),201104,0.036875,0.000964,-0.0031940000000000002,-0.027191,0.01418,0.055153,-0.013599000000000002,-0.021834,0.033858,0.006266000000000001,0.0128,0.037942000000000004,2011-04-30
Y8888L,上市(不含金融),201104,0.033431,0.00021600000000000002,-0.003443,-0.02543,0.01406,0.052141,-0.012642,-0.022317999999999998,0.033296,0.005321,0.0128,0.034498,2011-04-30
Y8888,上市(不含金融),201105,-0.0017000000000000001,-0.003538,-0.006017,-0.011618999999999999,0.026613,0.018161,-0.023872,0.012824,0.039176,-0.014405,0.0128,-0.000633,2011-05-31
Y8888L,上市(不含金融),201105,-0.0043159999999999995,-0.005391,-0.0077,-0.010802,0.026913,0.019284,-0.024281,0.010452999999999999,0.04163,-0.015708,0.0128,-0.003249,2011-05-31
Y8888,上市(不含金融),201106,-0.037834,0.015047999999999999,0.004817,-0.027258,0.026402000000000002,0.040735,-0.039888,-0.028755000000000003,-0.004887,0.031666,0.0128,-0.036767,2011-06-30
Y8888L,上市(不含金融),201106,-0.041739,0.017103,0.005695,-0.029917,0.031225999999999997,0.043709,-0.042036,-0.032042,-0.0046,0.034,0.0128,-0.040672,2011-06-30
Y8888,上市(不含金融),201107,0.019923,-0.0017549999999999998,-0.023778999999999998,-0.052718,-0.046025,0.11444000000000001,-0.06459,-0.05799699999999999,-0.019081,0.043692,0.01355,0.021052,2011-07-31
Y8888L,上市(不含金融),201107,0.014677,-0.00026700000000000004,-0.022320000000000003,-0.052218999999999995,-0.043113,0.11546200000000001,-0.066054,-0.060347,-0.015974,0.044093999999999994,0.01355,0.015806,2011-07-31
Y8888,上市(不含金融),201108,-0.099732,-0.00253,-0.0025979999999999996,-0.004786,0.040369,0.021044,-0.026785,-0.043826000000000004,0.013037,-0.00367,0.01355,-0.09860300000000001,2011-08-31
Y8888L,上市(不含金融),201108,-0.109433,-0.004251,-0.003866,-0.00292,0.046467,0.026678,-0.032394,-0.050069999999999996,0.013468,-0.006527,0.01355,-0.108304,2011-08-31
Y8888,上市(不含金融),201109,-0.057998,-0.020295999999999998,-0.015883,0.007383999999999999,0.039737,-0.053438,-0.023563999999999998,0.029394,0.050506,0.016822,0.01355,-0.056868999999999996,2011-09-30
Y8888L,上市(不含金融),201109,-0.063454,-0.023051,-0.017852,0.009655,0.044467999999999994,-0.056014,-0.027055,0.0301,0.055820999999999996,0.016819,0.01355,-0.062325,2011-09-30
Y8888,上市(不含金融),201110,0.04598,0.011544,0.0028260000000000004,-0.022884,-0.011505000000000001,0.002376,0.032267000000000004,0.010824,-0.0040160000000000005,0.001335,0.01355,0.047109,2011-10-31
Y8888L,上市(不含金融),201110,0.042232000000000006,0.011431,0.00302,-0.022625000000000003,-0.011608,0.00642,0.030573000000000003,0.007367,-0.0017430000000000002,0.001441,0.01355,0.043361000000000004,2011-10-31
Y8888,上市(不含金融),201111,-0.079207,-0.040285,-0.036505,0.0046500000000000005,0.042267,0.03749,-0.042976,0.009094,0.019552,0.012251000000000001,0.01355,-0.07807800000000001,2011-11-30
Y8888L,上市(不含金融),201111,-0.088384,-0.044598000000000006,-0.04015,0.00726,0.050415999999999996,0.043857999999999994,-0.051648,0.011025,0.020432000000000002,0.014356,0.01355,-0.087255,2011-11-30
Y8888,上市(不含金融),201112,0.021200999999999998,0.010755999999999998,0.005895,-0.014254,0.004705,-0.017392,0.03077,0.005096000000000001,-0.005325,-0.012603,0.01355,0.022330000000000003,2011-12-31
Y8888L,上市(不含金融),201112,0.019621,0.009939,0.0051400000000000005,-0.014333,0.005546,-0.014976,0.028793000000000003,0.004397,-0.0042780000000000006,-0.012077,0.01355,0.02075,2011-12-31
Y8888,上市(不含金融),201201,0.06608399999999999,-0.027298,-0.015598,0.027718,0.023517,-0.054653,0.035301,0.015964,-0.014834,-0.046696,0.01355,0.06721300000000001,2012-01-31
Y8888L,上市(不含金融),201201,0.061295,-0.025429,-0.014514,0.026128,0.023629999999999998,-0.050357000000000006,0.03313,0.013774999999999999,-0.012857,-0.043738,0.01355,0.062424,2012-01-31
Y8888,上市(不含金融),201202,0.08006600000000001,0.036482,0.039233,0.031084,-0.009958,-0.110252,-0.009034,-0.008706,-0.042386,-0.021691,0.01355,0.081195,2012-02-29
Y8888L,上市(不含金融),201202,0.073394,0.03385,0.036171,0.026372,-0.007081,-0.09534100000000001,-0.009097,-0.008198,-0.036122,-0.020588000000000002,0.01355,0.074523,2012-02-29
Y8888,上市(不含金融),201203,-0.021629,0.019320999999999998,0.011904999999999999,-0.042701,0.056235999999999994,0.080467,0.044307,-0.002857,0.047007,-0.025985,0.01355,-0.020499999999999997,2012-03-31
Y8888L,上市(不含金融),201203,-0.024944,0.018688,0.010875999999999999,-0.04392,0.056186,0.08441599999999999,0.04871,-0.005107,0.048246000000000004,-0.025789,0.01355,-0.023815,2012-03-31
Y8888,上市(不含金融),201204,-0.057649,-0.007579,-0.007835,-0.010350999999999999,0.0073939999999999995,0.066083,-0.039045,9.1e-05,0.015979,0.031729,0.01355,-0.05652,2012-04-30
Y8888L,上市(不含金融),201204,-0.06362,-0.007349,-0.007188,-0.00986,0.008479,0.07342699999999999,-0.042538,0.000667,0.017776,0.035399,0.01355,-0.062491000000000005,2012-04-30
Y8888,上市(不含金融),201205,-0.026248,0.004365,0.0012690000000000002,-0.013718999999999999,0.001704,0.008661,0.008514,-0.005645,-0.001112,-0.00423,0.01355,-0.025119,2012-05-31
Y8888L,上市(不含金融),201205,-0.028700999999999997,0.004881,0.0016409999999999999,-0.015312,0.002287,0.011427,0.006773,-0.006566,0.000119,-0.0051990000000000005,0.01355,-0.027572,2012-05-31
Y8888,上市(不含金融),201206,-0.002441,0.001136,0.000103,-0.00449,-0.0075829999999999995,0.009957,0.001071,-0.012742999999999999,-0.0025540000000000003,0.004003,0.01355,-0.001312,2012-06-30
Y8888L,上市(不含金融),201206,-0.003842,0.000679,-0.000269,-0.004598,-0.0071530000000000005,0.011791000000000001,0.001828,-0.013487,-0.001645,0.003518,0.01355,-0.0027129999999999997,2012-06-30
Y8888,上市(不含金融),201207,0.014635,0.008198,-0.00255,-0.056546000000000006,-0.015047,0.077436,-0.020710000000000003,-0.031063999999999998,0.040816,-0.009431,0.01355,0.015764,2012-07-31
Y8888L,上市(不含金融),201207,0.010781,0.01034,-0.0008129999999999999,-0.059295,-0.014086000000000001,0.08223699999999999,-0.021983000000000003,-0.030305,0.04376,-0.00974,0.01355,0.01191,2012-07-31
Y8888,上市(不含金融),201208,0.030535,0.033044,0.027881,-0.0059960000000000005,-0.019226,0.013415999999999999,0.043992,0.023858,0.0018729999999999999,0.004747,0.01355,0.031664,2012-08-31
Y8888L,上市(不含金融),201208,0.027591,0.030215000000000002,0.025388,-0.0051990000000000005,-0.018106,0.012816000000000001,0.039409,0.022566000000000003,0.004013,0.002977,0.01355,0.02872,2012-08-31
Y8888,上市(不含金融),201209,0.041813,0.000205,0.004708,0.036650999999999996,-0.014767999999999998,-0.028848,0.0016439999999999998,0.036231,-0.037328,0.010984,0.01355,0.042942,2012-09-30
Y8888L,上市(不含金融),201209,0.039524,-0.002566,0.001759,0.034247,-0.012059,-0.025785,0.001901,0.031747,-0.032512,0.008034,0.01355,0.040652999999999995,2012-09-30
Y8888,上市(不含金融),201210,-0.07127,-0.028878,-0.038178000000000004,-0.026527,-0.005299000000000001,0.081427,0.007385,-0.017087,0.030579000000000002,0.005523,0.01355,-0.070141,2012-10-31
Y8888L,上市(不含金融),201210,-0.077279,-0.033101,-0.043404,-0.028814000000000003,-0.005075,0.093391,0.007942,-0.020419999999999997,0.035058,0.006318000000000001,0.01355,-0.07615,2012-10-31
Y8888,上市(不含金融),201211,0.05435399999999999,-0.019847999999999998,-0.017905,0.015168999999999998,-0.002212,-0.013882,0.050187999999999997,0.004235,-0.004307,-0.019239,0.01355,0.055483000000000005,2012-11-30
Y8888L,上市(不含金融),201211,0.050871000000000006,-0.019518999999999998,-0.017534,0.014003000000000002,-0.003049,-0.009588,0.043437,0.002294,-0.002162,-0.019442,0.01355,0.052000000000000005,2012-11-30
Y8888,上市(不含金融),201212,0.015014000000000001,0.014068,0.024872000000000002,0.03582,-0.0016339999999999998,-0.057415,0.013918999999999999,0.037846000000000005,-0.021078,0.022753000000000002,0.01355,0.016143,2012-12-31
Y8888L,上市(不含金融),201212,0.012884,0.013349,0.024228999999999997,0.034587,-0.000786,-0.053204,0.013209,0.032943,-0.016923999999999998,0.019452,0.01355,0.014013,2012-12-31
Y8888,上市(不含金融),201301,0.015443,0.001587,-0.000151,-0.004857,0.020863999999999997,-0.002964,0.004475,-0.010215,0.0031330000000000004,-0.00845,0.01355,0.016572,2013-01-31
Y8888L,上市(不含金融),201301,0.014018999999999998,-0.000249,-0.001975,-0.0046029999999999995,0.02096,-0.002362,0.0061270000000000005,-0.011264000000000001,0.004874,-0.009532,0.01355,0.015148,2013-01-31
Y8888,上市(不含金融),201302,-0.000341,0.008664,0.011973000000000001,0.016281,-0.01282,0.028898999999999998,-0.015812,0.00933,-0.005445,0.00268,0.01355,0.000788,2013-02-28
Y8888L,上市(不含金融),201302,-0.0014349999999999999,0.008061,0.011368,0.015676000000000002,-0.012497000000000001,0.028392,-0.014924999999999999,0.008629,-0.0045179999999999994,0.0014149999999999998,0.01355,-0.000306,2013-02-28
Y8888,上市(不含金融),201303,0.000239,0.015217000000000001,0.014414,-0.003126,-0.01502,0.019367000000000002,-0.018346,0.006768,-0.027069,0.011281000000000001,0.01355,0.001368,2013-03-31
Y8888L,上市(不含金融),201303,-0.002042,0.0151,0.014433,-0.003058,-0.014903999999999999,0.019833,-0.017629,0.005693,-0.023828000000000002,0.010594,0.01355,-0.0009130000000000001,2013-03-31
Y8888,上市(不含金融),201304,0.031800999999999996,-0.017957,-0.024222999999999998,-0.002841,0.001232,-0.00117,-0.033914,0.027915000000000002,-0.009755,0.000979,0.01355,0.03293,2013-04-30
Y8888L,上市(不含金融),201304,0.027955,-0.018432999999999998,-0.024107,-0.0030919999999999997,0.001091,0.004268,-0.029618000000000002,0.023,-0.004475,-0.0008690000000000001,0.01355,0.029084,2013-04-30
Y8888,上市(不含金融),201305,0.01899,0.02696,0.040574000000000006,0.04514700000000001,-0.016284,-0.005232,-0.00622,0.04609,-0.028161000000000002,0.017707999999999998,0.01355,0.020118999999999998,2013-05-31
Y8888L,上市(不含金融),201305,0.016335,0.02399,0.036627,0.042888,-0.014422999999999998,-0.006555999999999999,-0.001477,0.041337,-0.021263999999999998,0.014828,0.01355,0.017464,2013-05-31
Y8888,上市(不含金融),201306,-0.023769,-0.00416,-0.007105,-0.029641,-0.012414000000000001,0.007134000000000001,0.028166000000000004,-0.050747999999999995,0.032229,-0.034581,0.01355,-0.022639999999999997,2013-06-30
Y8888L,上市(不含金融),201306,-0.026923,-0.003467,-0.006281,-0.030453,-0.012853000000000002,0.005955,0.031502,-0.054914,0.03471,-0.03895,0.01355,-0.025794,2013-06-30
Y8888,上市(不含金融),201307,0.013617999999999998,0.026968000000000002,0.038951,-0.001256,-0.014124000000000001,0.016796,-0.033460000000000004,-0.040925,0.026717,-0.067956,0.01355,0.014747,2013-07-31
Y8888L,上市(不含金融),201307,0.008937,0.024318,0.038325,0.0022370000000000003,-0.016668000000000002,0.011455,-0.035775,-0.043879,0.023867,-0.075133,0.01355,0.010065999999999999,2013-07-31
Y8888,上市(不含金融),201308,-0.002271,0.014436,0.014057,-0.003508,0.003493,-0.003528,-0.022115,0.013566,0.00707,0.0041470000000000005,0.01355,-0.001142,2013-08-31
Y8888L,上市(不含金融),201308,-0.004365,0.013078000000000001,0.012561,-0.003838,0.004077,-0.004957,-0.019941,0.012607,0.006703,0.003388,0.01355,-0.003236,2013-08-31
Y8888,上市(不含金融),201309,0.020996,0.0067610000000000005,0.008751,0.01859,0.012408999999999998,-0.000979,0.010107,0.030366,-0.01753,0.016408,0.01355,0.022125,2013-09-30
Y8888L,上市(不含金融),201309,0.019029,0.00501,0.007457,0.018396,0.012325999999999998,-0.00231,0.011428,0.026856,-0.016609,0.012742999999999999,0.01355,0.020158,2013-09-30
Y8888,上市(不含金融),201310,0.029505,0.012407999999999999,0.010801,0.0074329999999999995,-0.016778,0.023403,-0.000638,-0.031046,0.01075,-0.028353000000000003,0.01355,0.030634,2013-10-31
Y8888L,上市(不含金融),201310,0.026572,0.009963,0.008496,0.0063739999999999995,-0.016822,0.02177,-0.000275,-0.032789,0.012721,-0.029041,0.01355,0.027700999999999996,2013-10-31
Y8888,上市(不含金融),201311,-0.006503999999999999,0.010613,0.006986,-0.008935,0.019245,0.028267,0.016445,-0.002895,-0.012383,0.005528999999999999,0.01355,-0.005375,2013-11-30
Y8888L,上市(不含金融),201311,-0.008278,0.008151,0.004394,-0.0096,0.01956,0.0279,0.015362,-0.005568,-0.011313,0.0036420000000000003,0.01355,-0.007149,2013-11-30
Y8888,上市(不含金融),201312,0.022768,0.027356,0.0297,0.005938,0.008223000000000001,0.0022470000000000003,-0.009868,0.038342,-0.011616,0.018373,0.01355,0.023896999999999998,2013-12-31
Y8888L,上市(不含金融),201312,0.021161,0.023873000000000002,0.026119,0.005901,0.007105,0.000339,-0.007442,0.035598,-0.010013000000000001,0.016703,0.01355,0.02229,2013-12-31
Y8888,上市(不含金融),201401,-0.014751,0.025066,0.026667,-0.001936,0.035302,-0.019374,-0.015733999999999998,0.034356,0.010443000000000001,0.022424,0.01355,-0.013622,2014-01-31
Y8888L,上市(不含金融),201401,-0.016596,0.023039,0.024861,-0.002072,0.034327,-0.020494,-0.013462,0.031031,0.012663,0.020359,0.01355,-0.015467,2014-01-31
Y8888,上市(不含金融),201402,0.024481000000000003,0.058033,0.055247000000000004,-0.015688,3.9e-05,0.044038,-0.011217999999999999,0.008016,0.031439,0.003769,0.01355,0.02561,2014-02-28
Y8888L,上市(不含金融),201402,0.022659,0.052525,0.049843,-0.014192,0.000394,0.04066,-0.008893,0.007496,0.02871,0.003267,0.01355,0.023788,2014-02-28
Y8888,上市(不含金融),201403,0.028246000000000004,0.005864,0.003812,-0.016897,0.020095000000000002,0.001688,0.000127,-0.043887,0.050232,-0.023681999999999998,0.01355,0.029375,2014-03-31
Y8888L,上市(不含金融),201403,0.025875,0.0017530000000000002,6.4e-05,-0.016111,0.019055,-0.001087,0.003525,-0.044196,0.049082,-0.024228999999999997,0.01355,0.027004,2014-03-31
Y8888,上市(不含金融),201404,-0.000691,-0.019953000000000002,-0.029062,-0.025285000000000002,0.014601,-0.017440999999999998,-0.019541,-0.002431,0.012236,0.020087999999999998,0.01355,0.00043799999999999997,2014-04-30
Y8888L,上市(不含金融),201404,-0.003305,-0.024755,-0.033162,-0.024849,0.015489999999999999,-0.019143,-0.019494,-0.005342,0.016027,0.017108,0.01355,-0.002176,2014-04-30
Y8888,上市(不含金融),201405,0.030331,0.011463000000000001,0.004906,0.00019800000000000002,0.021762999999999998,0.021705000000000002,-0.019367000000000002,0.069005,0.018817,0.03374,0.01355,0.03146,2014-05-31
Y8888L,上市(不含金融),201405,0.026781000000000003,0.008244,0.004005,0.003232,0.018569,0.021493,-0.015189,0.056712,0.020682,0.026113,0.01355,0.02791,2014-05-31
Y8888,上市(不含金融),201406,0.038394,-0.006455,-0.004339,-0.00471,-0.027078,0.038291,-0.017866,0.026827,0.017426999999999998,0.01061,0.01355,0.039523,2014-06-30
Y8888L,上市(不含金融),201406,0.035833,-0.007837,-0.005535,-0.003285,-0.024669,0.034643,-0.01536,0.023719999999999998,0.017523,0.009945,0.01355,0.036962,2014-06-30
Y8888,上市(不含金融),201407,-0.001773,-0.008105,-0.002656,0.04185,0.018691,-0.030532,0.017087,0.006262,-0.015221,0.015699,0.01355,-0.000644,2014-07-31
Y8888L,上市(不含金融),201407,-0.003665,-0.009035,-0.003542,0.042155,0.018713999999999998,-0.030614,0.017643,0.0039889999999999995,-0.013931,0.015819,0.01355,-0.002536,2014-07-31
Y8888,上市(不含金融),201408,0.020926,-0.029321,-0.025735,0.007864,0.029523999999999998,0.016626000000000002,-0.016707,-0.003118,0.033378,0.0012389999999999999,0.01355,0.022054999999999998,2014-08-31
Y8888L,上市(不含金融),201408,0.018453999999999998,-0.030002,-0.026638000000000002,0.006775,0.029796999999999997,0.014677,-0.01734,-0.005494,0.035181,0.002327,0.01355,0.019583,2014-08-31
Y8888,上市(不含金融),201409,-0.053954,0.029174000000000002,0.029798,-0.015038000000000001,-0.002464,-0.015984,0.017291,-0.038588,0.013281000000000001,-0.016246,0.01355,-0.052825,2014-09-30
Y8888L,上市(不含金融),201409,-0.056968,0.029746,0.03084,-0.015472,-0.001897,-0.018852999999999998,0.017356,-0.043389,0.016765000000000002,-0.01882,0.01355,-0.055839,2014-09-30
Y8888,上市(不含金融),201410,-0.003846,-0.061704,-0.057527999999999996,-0.002428,0.009011,-0.009408,0.000236,-0.026337000000000003,0.026403,-0.031606,0.01355,-0.002717,2014-10-31
Y8888L,上市(不含金融),201410,-0.0066949999999999996,-0.063549,-0.05907,-0.003243,0.010144,-0.008989,0.000783,-0.030310999999999998,0.030225,-0.033666,0.01355,-0.005566,2014-10-31
Y8888,上市(不含金融),201411,0.027103000000000002,-0.018969,-0.019278,-0.010268,-0.005573,0.043238000000000006,6.8e-05,-0.005064999999999999,0.006158,-0.00549,0.01355,0.028232,2014-11-30
Y8888L,上市(不含金融),201411,0.024914000000000002,-0.018915,-0.019431,-0.010889,-0.0052959999999999995,0.042005999999999995,-0.001911,-0.007436000000000001,0.008131000000000001,-0.00615,0.01355,0.026042999999999997,2014-11-30
Y8888,上市(不含金融),201412,0.016342000000000002,0.030594999999999997,0.028536000000000002,0.034344,-0.022320000000000003,-0.030991,0.028678,0.054787999999999996,-0.051392,0.026382,0.01355,0.017471,2014-12-31
Y8888L,上市(不含金融),201412,0.014487000000000002,0.029515,0.027563,0.032627,-0.021869999999999997,-0.0292,0.026663000000000003,0.049948,-0.048187,0.024263,0.01355,0.015616000000000001,2014-12-31
Y8888,上市(不含金融),201501,0.007112,-0.009294,-0.002956,0.023647,0.015593,0.018428,0.006531,0.00297,0.0076939999999999995,0.0014019999999999998,0.01355,0.008241,2015-01-31
Y8888L,上市(不含金融),201501,0.005825,-0.010307,-0.004308,0.023103,0.012822,0.017115000000000002,0.007236,0.002194,0.006756,1.5e-05,0.01355,0.006954,2015-01-31
Y8888,上市(不含金融),201502,0.024701,-0.012901000000000001,-0.012707,-0.012143999999999999,0.0025380000000000003,0.012883,-0.004217,-0.016991,0.020748000000000003,-0.014979,0.01355,0.025830000000000002,2015-02-28
Y8888L,上市(不含金融),201502,0.02359,-0.013517999999999999,-0.013298,-0.011536999999999999,0.0027900000000000004,0.012188000000000001,-0.003758,-0.017337,0.020636,-0.014863,0.01355,0.024719,2015-02-28
Y8888,上市(不含金融),201503,-0.006984000000000001,0.020027,0.02315,-0.0030159999999999996,0.033409,0.01589,-0.039361,-0.015286,0.023391000000000002,-0.019932000000000002,0.01355,-0.005855,2015-03-31
Y8888L,上市(不含金融),201503,-0.008848,0.018473,0.021709,-0.0023699999999999997,0.032606,0.014381,-0.038504000000000004,-0.015476,0.023198,-0.019587,0.01355,-0.007719,2015-03-31
Y8888,上市(不含金融),201504,0.010605999999999999,0.003146,0.00774,-0.003938,0.008535000000000001,-0.001754,-0.043555,-0.006159,0.024488,-0.027702,0.01355,0.011735,2015-04-30
Y8888L,上市(不含金融),201504,0.00828,0.000468,0.005297,-0.002356,0.009075,-0.003184,-0.040858,-0.00614,0.024314,-0.025771000000000002,0.01355,0.009408999999999999,2015-04-30
Y8888,上市(不含金融),201505,-0.013213999999999998,-0.035169,-0.032328,-0.006059999999999999,0.028121,0.045086,-0.012306,-0.027013,0.042765000000000004,0.004111,0.01355,-0.012084999999999999,2015-05-31
Y8888L,上市(不含金融),201505,-0.015707,-0.036853,-0.033781,-0.007337,0.028517,0.047202,-0.011838,-0.028993,0.045988,0.0021709999999999998,0.01355,-0.014578,2015-05-31
Y8888,上市(不含金融),201506,-0.036038,-0.009257,-0.01172,-0.047948000000000005,-0.027315999999999997,0.039843,-0.062046000000000004,-0.028099,0.045289,-0.032837,0.01355,-0.034908999999999996,2015-06-30
Y8888L,上市(不含金融),201506,-0.039602,-0.010406,-0.012293,-0.049867999999999996,-0.028362,0.043102999999999995,-0.066187,-0.031606,0.051553,-0.036592,0.01355,-0.038473,2015-06-30
Y8888,上市(不含金融),201507,-0.060187,-0.009991,-0.013066,-0.028294,-0.034008,0.052659000000000004,-0.068466,-0.012242999999999999,0.015636,-0.023594,0.01355,-0.059058,2015-07-31
Y8888L,上市(不含金融),201507,-0.066123,-0.011382000000000001,-0.01433,-0.029727999999999997,-0.036277,0.059255,-0.078582,-0.013295,0.018073,-0.028065000000000003,0.01355,-0.064994,2015-07-31
Y8888,上市(不含金融),201508,-0.047145,-0.026002,-0.018689,0.009457,0.022992,0.019017,-0.003842,-0.015314000000000001,0.042553,-0.0012690000000000002,0.01355,-0.046016,2015-08-31
Y8888L,上市(不含金融),201508,-0.052424,-0.029357,-0.020978,0.011471,0.024332,0.025157,-0.008638,-0.015825,0.048493,-0.00196,0.01355,-0.051295,2015-08-31
Y8888,上市(不含金融),201509,0.011964999999999998,0.060944000000000005,0.055679,-0.001161,0.006966,-0.039542,0.028824000000000002,0.013141,-0.031919,0.018226,0.01355,0.013094,2015-09-30
Y8888L,上市(不含金融),201509,0.009602000000000001,0.056085,0.051528,0.000982,0.009561,-0.036332,0.025190999999999998,0.011507,-0.027102,0.017313000000000002,0.01355,0.010731,2015-09-30
Y8888,上市(不含金融),201510,0.046167999999999994,0.025841,0.025028,0.003643,0.028732999999999998,-0.059759,-0.020374,0.024869,0.000808,0.0052380000000000005,0.01275,0.04723,2015-10-31
Y8888L,上市(不含金融),201510,0.042947,0.020973000000000002,0.020305,0.004973,0.026116999999999998,-0.054249,-0.014728000000000002,0.022303000000000003,-0.000397,0.004681,0.01275,0.044009,2015-10-31
Y8888,上市(不含金融),201511,-0.028624,0.025535000000000002,0.019101,-0.035862,0.000738,0.03463,0.000185,-0.028214000000000003,0.033763999999999995,-0.0012360000000000001,0.01275,-0.027561,2015-11-30
Y8888L,上市(不含金融),201511,-0.031519,0.022192,0.015626,-0.035548,0.001721,0.037405,0.0026590000000000003,-0.029265,0.035021,-0.002319,0.01275,-0.030455999999999997,2015-11-30
Y8888,上市(不含金融),201512,0.00782,-0.008465,-0.008405000000000001,0.031848,-0.005066,-0.028189000000000002,0.031974,0.018935,-0.032240000000000005,0.020152999999999997,0.01275,0.008882,2015-12-31
Y8888L,上市(不含金融),201512,0.005639999999999999,-0.010319,-0.010031000000000002,0.032947000000000004,-0.004511,-0.026383999999999998,0.030851000000000003,0.018577,-0.031267,0.01985,0.01275,0.0067020000000000005,2015-12-31
Y8888,上市(不含金融),201601,-0.015825,-0.004318,-0.005381,-0.007824,-0.012415,0.033592,0.009523,0.009146,0.018099,0.004128,0.01205,-0.014820999999999999,2016-01-31
Y8888L,上市(不含金融),201601,-0.017559,-0.005561,-0.006495,-0.007123000000000001,-0.011476,0.034607,0.009771,0.00943,0.018779,0.00392,0.01205,-0.016555,2016-01-31
Y8888,上市(不含金融),201602,0.035557,0.006795,0.007272999999999999,0.002133,0.009234,-0.020539,0.008824,0.001534,0.0024709999999999997,-0.0039369999999999995,0.01205,0.036560999999999996,2016-02-29
Y8888L,上市(不含金融),201602,0.033937,0.005099,0.005553,0.0023899999999999998,0.008675,-0.01914,0.009064,0.0017100000000000001,0.002103,-0.003549,0.01205,0.034941,2016-02-29
Y8888,上市(不含金融),201603,0.039357,-0.013507,-0.013517,-0.002401,0.018295,-0.007952,0.01184,0.000424,0.0013189999999999999,-0.0013900000000000002,0.01125,0.040293999999999996,2016-03-31
Y8888L,上市(不含金融),201603,0.03667,-0.016189,-0.016377,-0.002061,0.017894,-0.005803,0.011092999999999999,-0.001059,0.002781,-0.00322,0.01125,0.037607,2016-03-31
Y8888,上市(不含金融),201604,-0.04531399999999999,0.016678,0.015346,-0.005844,0.009314,0.005082,-0.015928,0.023757999999999998,0.007634999999999999,0.013162,0.01125,-0.044376,2016-04-30
Y8888L,上市(不含金融),201604,-0.048248,0.015576000000000001,0.014192,-0.004535,0.008997,0.005907,-0.016582,0.024542,0.008232,0.012479,0.01125,-0.04731,2016-04-30
Y8888,上市(不含金融),201605,0.017189,0.000139,-0.001666,-0.035720999999999996,-0.001118,0.034026,0.023977,-0.025655,0.027679,-0.021682999999999997,0.01125,0.018126,2016-05-31
Y8888L,上市(不含金融),201605,0.015188,-0.0007340000000000001,-0.002668,-0.03524,-0.00032,0.034272,0.023201,-0.026279,0.027785,-0.021057000000000003,0.01125,0.016125,2016-05-31
Y8888,上市(不含金融),201606,0.029173,-0.020895999999999998,-0.016559,0.013644,0.016756,-0.003921,-0.0018549999999999999,-0.011137999999999999,0.000949,-0.011587,0.01125,0.030111,2016-06-30
Y8888L,上市(不含金融),201606,0.027265,-0.021185999999999997,-0.016954,0.012431000000000001,0.016132999999999998,-0.0019420000000000001,-0.00307,-0.011377,0.003276,-0.012102,0.01125,0.028201999999999998,2016-06-30
Y8888,上市(不含金融),201607,0.054183,-0.017185,-0.012912,0.014748,0.01206,-0.015549,0.0006419999999999999,-0.004926,0.009562000000000001,0.0023769999999999998,0.01045,0.055054,2016-07-31
Y8888L,上市(不含金融),201607,0.051382000000000004,-0.017214,-0.013028999999999999,0.013475999999999998,0.011056,-0.013541000000000001,0.001048,-0.005504,0.010545,0.001716,0.01045,0.052253,2016-07-31
Y8888,上市(不含金融),201608,0.014882,0.014865,0.01581,-0.000314,0.005993000000000001,0.017398,-0.023136999999999998,0.010456,0.008506,-0.0076749999999999995,0.01045,0.015753,2016-08-31
Y8888L,上市(不含金融),201608,0.013471,0.012105,0.012957000000000002,-0.001147,0.005639,0.017574,-0.020718,0.007698,0.0097,-0.007922,0.01045,0.014341999999999999,2016-08-31
Y8888,上市(不含金融),201609,0.015445,0.005405,0.001077,-0.0053890000000000006,0.004837,0.004446,-0.011206,0.007397,-0.023351,0.006284,0.01045,0.016316,2016-09-30
Y8888L,上市(不含金融),201609,0.014145000000000001,0.0014130000000000002,-0.002078,-0.002944,0.004657,0.001227,-0.006794,0.004039,-0.018352,0.0033750000000000004,0.01045,0.015016,2016-09-30
Y8888,上市(不含金融),201610,0.015023,-0.036757,-0.040117,0.0031219999999999998,-0.001288,0.002287,-0.021018,-0.0007009999999999999,0.000181,0.031198999999999998,0.01045,0.015894,2016-10-31
Y8888L,上市(不含金融),201610,0.013335,-0.037985000000000005,-0.04105,0.003327,-0.000611,0.0010739999999999999,-0.020994000000000002,-0.0014680000000000001,0.001153,0.029816,0.01045,0.014206000000000002,2016-10-31
Y8888,上市(不含金融),201611,-0.015829,0.01275,0.011685000000000001,0.028161000000000002,-0.018832,-0.00911,-0.010650999999999999,0.024832,-0.028576,0.046462,0.01045,-0.014958,2016-11-30
Y8888L,上市(不含金融),201611,-0.017834000000000003,0.010190999999999999,0.009047,0.024928,-0.01867,-0.005123,-0.010234,0.020297,-0.023340999999999997,0.04496000000000001,0.01045,-0.016963,2016-11-30
Y8888,上市(不含金融),201612,-0.001333,0.0143,0.013221,-0.001583,0.003636,-0.007944,0.014044000000000001,0.002336,-0.0011409999999999999,0.016397,0.01045,-0.00046199999999999995,2016-12-31
Y8888L,上市(不含金融),201612,-0.002376,0.011081,0.009806,-0.004394,0.004295,-0.003512,0.010838,-0.0016420000000000002,0.0034029999999999998,0.019659,0.01045,-0.001505,2016-12-31
Y8888,上市(不含金融),201701,0.023626,-0.011899999999999999,-0.004348,0.048253000000000004,0.015929,0.017358,-0.006489,0.012041,-0.030896,0.0032,0.01045,0.024497,2017-01-31
Y8888L,上市(不含金融),201701,0.021766999999999998,-0.013264,-0.005718,0.044180000000000004,0.016679,0.015154,-0.001999,0.008115,-0.025011000000000002,0.00017500000000000003,0.01045,0.022638,2017-01-31
Y8888,上市(不含金融),201702,0.033014999999999996,0.011281000000000001,0.020078,0.057403,0.014135,-0.012793,-0.005011,0.047660999999999995,-0.052157,0.010761,0.01045,0.033886,2017-02-28
Y8888L,上市(不含金融),201702,0.030994,0.010201,0.018394,0.051555,0.013721,-0.011852,-0.002234,0.042912,-0.045646000000000006,0.009170000000000001,0.01045,0.031865000000000004,2017-02-28
Y8888,上市(不含金融),201703,0.004850999999999999,0.013456999999999998,0.014811000000000001,0.006925,0.021277,0.007884,-0.009651,0.0031230000000000003,-0.00902,0.002603,0.01045,0.0057220000000000005,2017-03-31
Y8888L,上市(不含金融),201703,0.003257,0.010458,0.011694,0.0030009999999999998,0.020905,0.006495,-0.006136,-0.0012920000000000002,-0.003257,-0.00030900000000000003,0.01045,0.004128,2017-03-31
Y8888,上市(不含金融),201704,0.008767,-0.005306,-0.003976,-0.027433,0.023424,0.022637,-0.028159,-0.022997999999999998,0.032252,-0.008931,0.01045,0.009638,2017-04-30
Y8888L,上市(不含金融),201704,0.007342,-0.0076890000000000005,-0.006108,-0.026793,0.023771,0.022805,-0.025483,-0.022638,0.034701,-0.009092,0.01045,0.008213,2017-04-30
Y8888,上市(不含金融),201705,0.018419,-0.012499,-0.013274,-0.032672,0.011182000000000001,-0.019596,-0.006951000000000001,-0.026121,0.03212,-0.027187000000000003,0.01045,0.01929,2017-05-31
Y8888L,上市(不含金融),201705,0.016818,-0.015125,-0.015761,-0.033056999999999996,0.010624,-0.020695,-0.005492,-0.028384,0.034041999999999996,-0.027789,0.01045,0.017689,2017-05-31
Y8888,上市(不含金融),201706,0.044264,-0.030903999999999997,-0.029005999999999997,0.004582,0.025917,0.008765,-0.006134,0.0018290000000000001,-0.004065,-0.016479,0.01045,0.045134999999999995,2017-06-30
Y8888L,上市(不含金融),201706,0.041914999999999994,-0.029923,-0.028126,0.004137,0.025249999999999998,0.0075639999999999995,-0.005935,0.00025100000000000003,-0.001563,-0.016917,0.01045,0.042786,2017-06-30
Y8888,上市(不含金融),201707,0.023014999999999997,-0.005424,-0.004672,-0.010336000000000001,-0.025165000000000003,0.043547,-0.019573,-0.004411,0.003387,-0.016232,0.01045,0.023885999999999998,2017-07-31
Y8888L,上市(不含金融),201707,0.021291,-0.007389,-0.006294999999999999,-0.008683999999999999,-0.020933,0.040433000000000004,-0.018166,-0.005603,0.0058379999999999994,-0.018038000000000002,0.01045,0.022162,2017-07-31
Y8888,上市(不含金融),201708,0.024047,0.00065,-0.000965,0.024203000000000002,-0.038499,0.026268,-0.010029999999999999,0.025856,-0.049256,0.032641,0.01045,0.024918,2017-08-31
Y8888L,上市(不含金融),201708,0.021518000000000002,-0.002503,-0.003695,0.022795999999999997,-0.035295,0.025462,-0.0065910000000000005,0.022399,-0.043058,0.027599,0.01045,0.022389000000000003,2017-08-31
Y8888,上市(不含金融),201709,-0.018538,0.030889000000000003,0.029068999999999998,-0.009549,-0.037961999999999996,-0.0029,0.029935,0.003749,-0.000979,-0.000237,0.01045,-0.017667,2017-09-30
Y8888L,上市(不含金融),201709,-0.02106,0.029327000000000002,0.028262,-0.009071000000000001,-0.038146,-0.004303,0.033581,0.0027229999999999997,0.002294,-0.002642,0.01045,-0.020189,2017-09-30
Y8888,上市(不含金融),201710,0.041577,-0.01171,-0.010369999999999999,-0.012891,-0.007351,0.042974,-0.018904,-0.024641000000000003,0.017095,-0.039106,0.01045,0.042448,2017-10-31
Y8888L,上市(不含金融),201710,0.03827,-0.012939,-0.01142,-0.011059000000000001,-0.004955,0.039567,-0.014134,-0.022834,0.017364,-0.037572999999999995,0.01045,0.039141,2017-10-31
Y8888,上市(不含金融),201711,-0.027839,0.024893000000000002,0.027366,0.039656,-0.025442,-0.002999,0.006511,0.017671,-0.022836,0.025664,0.01045,-0.026968000000000002,2017-11-30
Y8888L,上市(不含金融),201711,-0.031412,0.023285,0.025857,0.037871,-0.023416000000000003,-0.008001000000000001,0.009670999999999999,0.014266000000000001,-0.019045,0.021363,0.01045,-0.030541,2017-11-30
Y8888,上市(不含金融),201712,0.0040420000000000005,0.001966,0.0037730000000000003,0.009084,0.028133,-0.027755000000000002,-0.006686,-0.021354,0.018545,-0.0046229999999999995,0.01045,0.004913,2017-12-31
Y8888L,上市(不含金融),201712,0.0012939999999999998,0.000679,0.002832,0.009545,0.031243,-0.031960999999999996,-0.005789,-0.022605,0.020658,-0.005348,0.01045,0.002165,2017-12-31
Y8888,上市(不含金融),201801,0.043264,-0.019675,-0.024387,-0.000512,0.0050360000000000005,0.004175,-0.004884,0.006424999999999999,-0.0041849999999999995,-0.001242,0.01045,0.044135,2018-01-31
Y8888L,上市(不含金融),201801,0.040064999999999996,-0.021164000000000002,-0.025532,-0.0017530000000000002,0.003993,-0.001109,-0.0032640000000000004,0.004651,-0.002559,-0.001897,0.01045,0.040936,2018-01-31
Y8888,上市(不含金融),201802,-0.029079999999999998,0.015307999999999999,0.017087,-0.005587,0.007057,0.010746,-0.004224,-0.002023,0.008535000000000001,-0.00026700000000000004,0.01045,-0.028208999999999998,2018-02-28
Y8888L,上市(不含金融),201802,-0.030583,0.013785,0.015837,-0.006332,0.006839,0.010265999999999999,-0.001936,-0.004468,0.010743,-0.002593,0.01045,-0.029712000000000002,2018-02-28
Y8888,上市(不含金融),201803,0.010733,0.02533,0.024820000000000002,-0.013756999999999998,0.017773,0.022355,-0.030598,0.043178999999999995,0.003293,-0.006757999999999999,0.01045,0.011604000000000001,2018-03-31
Y8888L,上市(不含金融),201803,0.008262,0.018909,0.01871,-0.011418,0.019009,0.02165,-0.027156,0.034272,0.008101,-0.011226,0.01045,0.009133,2018-03-31
Y8888,上市(不含金融),201804,-0.031587000000000004,-0.002515,0.005106,0.036327,-0.00604,-0.003164,-0.041067,-0.000294,0.00037699999999999995,0.0034899999999999996,0.01045,-0.030716,2018-04-30
Y8888L,上市(不含金融),201804,-0.034685,-0.0050490000000000005,0.002789,0.036734,-0.005168000000000001,-0.005595,-0.038353,-0.001112,0.0010739999999999999,0.003328,0.01045,-0.033814000000000004,2018-04-30
Y8888,上市(不含金融),201805,0.022869,0.015789,0.014702999999999999,-0.001421,-0.022671999999999998,0.037816999999999996,-0.033352,-0.031294,-0.019684,0.00025499999999999996,0.01045,0.02374,2018-05-31
Y8888L,上市(不含金融),201805,0.017674000000000002,0.008385,0.008341,-0.001899,-0.01836,0.025956999999999997,-0.026535000000000003,-0.029925999999999998,-0.010802,0.002212,0.01045,0.018545,2018-05-31
Y8888,上市(不含金融),201806,0.004303,0.020093,0.013774999999999999,-0.026392000000000002,-0.027258,0.008016,-0.028217,-0.036367,-0.003273,0.000168,0.01045,0.005174,2018-06-30
Y8888L,上市(不含金融),201806,0.002421,0.016509,0.011068,-0.022955999999999997,-0.021521,0.004749,-0.02436,-0.036114,-0.000582,0.001374,0.01045,0.003292,2018-06-30
Y8888,上市(不含金融),201807,0.045382,-0.063811,-0.056905000000000004,0.005456,0.045232999999999995,-0.03268,-0.0033450000000000003,-0.04933,0.026869,-0.003528,0.01045,0.046253,2018-07-31
Y8888L,上市(不含金融),201807,0.041059,-0.062688,-0.055342,0.0065780000000000005,0.048442,-0.033541,-0.001901,-0.048403999999999996,0.027883,-0.002752,0.01045,0.041929999999999995,2018-07-31
Y8888,上市(不含金融),201808,0.004645,-0.015799,-0.009381,0.01901,0.017943,-0.008122,-0.060464000000000004,0.0077280000000000005,0.016316999999999998,0.017641,0.01045,0.005516,2018-08-31
Y8888L,上市(不含金融),201808,0.002395,-0.020182000000000002,-0.012694,0.021381999999999998,0.023204,-0.009836000000000001,-0.06175,0.009495,0.019346000000000002,0.017626,0.01045,0.003266,2018-08-31
Y8888,上市(不含金融),201809,-0.008893999999999999,-0.013637,-0.012532000000000001,0.005336,0.015864,0.004402,-0.09457,0.010261,-0.0061909999999999995,0.028437,0.01045,-0.008023,2018-09-30
Y8888L,上市(不含金融),201809,-0.013533,-0.014825,-0.012506,0.009615,0.0239,0.001586,-0.105158,0.0123,-0.007000999999999999,0.031228,0.01045,-0.012662,2018-09-30
Y8888,上市(不含金融),201810,-0.11652100000000001,-0.00793,-0.010521,-0.010903000000000001,0.024977999999999997,0.007138,-0.061501,-0.013065,0.030459999999999997,0.028993,0.01045,-0.11564999999999999,2018-10-31
Y8888L,上市(不含金融),201810,-0.127752,-0.010763,-0.012827999999999999,-0.011039,0.033538,0.008609,-0.075235,-0.015436,0.03702,0.033291,0.01045,-0.126881,2018-10-31
Y8888,上市(不含金融),201811,0.0049,0.064401,0.057729,0.020866,-0.033283,-0.047348,0.071048,0.029043,-0.059662,0.003063,0.01045,0.005770999999999999,2018-11-30
Y8888L,上市(不含金融),201811,0.001213,0.061262,0.055756,0.021539000000000003,-0.029709,-0.04274,0.061811,0.028321,-0.053639,0.003953,0.01045,0.002084,2018-11-30
Y8888,上市(不含金融),201812,-0.015451999999999999,0.011557,0.017694,-0.018855999999999998,0.014403999999999998,0.021706,0.042695,0.001542,0.031805,0.0043619999999999996,0.01045,-0.014581,2018-12-31
Y8888L,上市(不含金融),201812,-0.017354,0.010113,0.018187,-0.016788,0.014865999999999999,0.023263,0.047311,0.0011200000000000001,0.039053,0.002797,0.01045,-0.016483,2018-12-31
Y8888,上市(不含金融),201901,0.021633,-0.0009260000000000001,0.000292,-0.007145,0.0020080000000000002,-0.020194999999999998,0.046300999999999995,0.009144,0.026438000000000003,-0.026915,0.01045,0.022504,2019-01-31
Y8888L,上市(不含金融),201901,0.019656,-0.001537,-0.000123,-0.005544,0.002312,-0.018081,0.045,0.008706,0.02512,-0.025127999999999998,0.01045,0.020527000000000004,2019-01-31
Y8888,上市(不含金融),201902,0.047725,0.005262,0.001096,-0.02344,-0.018137,-0.013687,-0.004058,-0.016596,0.014794,-0.0016270000000000002,0.01045,0.048596,2019-02-28
Y8888L,上市(不含金融),201902,0.045431,0.004483,0.00054,-0.022315,-0.016385,-0.011770000000000001,-0.0029449999999999997,-0.016162,0.014798,-0.001428,0.01045,0.046302,2019-02-28
Y8888,上市(不含金融),201903,0.024997,0.008404,0.005647,-0.021818,0.003263,0.040068,-0.012926,-0.0029310000000000004,0.00425,-0.003387,0.01045,0.025868000000000002,2019-03-31
Y8888L,上市(不含金融),201903,0.023336000000000003,0.005920999999999999,0.0036220000000000002,-0.021280999999999998,0.004239,0.039265,-0.010216000000000001,-0.004421,0.007156,-0.005229,0.01045,0.024207,2019-03-31
Y8888,上市(不含金融),201904,0.031410999999999994,-0.032572000000000004,-0.025095999999999997,0.018512999999999998,0.032701,-0.024418000000000002,0.002149,0.027929,0.026480999999999998,-0.021793999999999997,0.01045,0.032282000000000005,2019-04-30
Y8888L,上市(不含金融),201904,0.029045,-0.032892000000000005,-0.025525000000000003,0.017145999999999998,0.031239,-0.02298,0.002714,0.025343,0.027639999999999998,-0.02068,0.01045,0.029916,2019-04-30
Y8888,上市(不含金融),201905,-0.049737,0.021036000000000003,0.019504,0.01574,-0.029581,0.044382000000000005,0.02476,-0.003778,-0.011373,0.044800000000000006,0.01045,-0.04886599999999999,2019-05-31
Y8888L,上市(不含金融),201905,-0.05441,0.021878,0.020550000000000002,0.01529,-0.029729000000000002,0.047403,0.025586,-0.006529,-0.010294000000000001,0.046113,0.01045,-0.053539,2019-05-31
Y8888,上市(不含金融),201906,0.033406,-0.01529,-0.016004,-0.006054,0.005425999999999999,-0.003106,0.030014,-0.007279,0.017225,0.001946,0.01045,0.034277,2019-06-30
Y8888L,上市(不含金融),201906,0.03199,-0.016038,-0.016413999999999998,-0.005896,0.006000999999999999,-0.0024709999999999997,0.02949,-0.008156,0.018309,0.001118,0.01045,0.032861,2019-06-30
Y8888,上市(不含金融),201907,0.032755,0.01153,0.012375,0.0027489999999999997,-0.012766999999999999,-0.0025109999999999998,-0.054939999999999996,0.002865,0.010515000000000002,-0.000802,0.01045,0.033626,2019-07-31
Y8888L,上市(不含金融),201907,0.029554999999999998,0.008991,0.009961,0.001701,-0.008543,-0.004877,-0.047227,-0.00053,0.011181000000000002,-0.000986,0.01045,0.030426,2019-07-31
Y8888,上市(不含金融),201908,-0.012333,0.022944,0.022275999999999997,-0.018529,-0.01968,0.048181,-0.022934999999999997,0.012105,0.019462,-0.000833,0.01045,-0.011462000000000002,2019-08-31
Y8888L,上市(不含金融),201908,-0.014058,0.021079,0.020534,-0.018137,-0.018855999999999998,0.047416,-0.021748,0.011619999999999998,0.02008,0.00043400000000000003,0.01045,-0.013186999999999999,2019-08-31
Y8888,上市(不含金融),201909,0.021023,-0.010197000000000001,-0.010132,-0.007897,0.0027229999999999997,-0.020697999999999998,-0.0007530000000000001,-0.014863,0.000602,-0.021733,0.01045,0.021894,2019-09-30
Y8888L,上市(不含金融),201909,0.019574,-0.010888,-0.010629999999999999,-0.00757,0.002593,-0.019896,-0.00046899999999999996,-0.014643,0.000916,-0.021585,0.01045,0.020445,2019-09-30
Y8888,上市(不含金融),201910,0.051405000000000006,-0.026703,-0.025025,-0.007776,-0.004659,0.027992,-0.016076999999999998,-0.004472,0.024889,-0.00961,0.01045,0.052275999999999996,2019-10-31
Y8888L,上市(不含金融),201910,0.048261000000000005,-0.027244,-0.025318,-0.006796,-0.003357,0.02437,-0.013694,-0.005835,0.024672,-0.007431999999999999,0.01045,0.049131999999999995,2019-10-31
Y8888,上市(不含金融),201911,0.011031,-0.022129,-0.014804,0.035633,0.010966,0.000649,-0.017415,0.00178,0.005064,0.003548,0.01045,0.011902,2019-11-30
Y8888L,上市(不含金融),201911,0.009633000000000001,-0.023968,-0.016501,0.034284,0.011585000000000002,-0.000567,-0.014839,-0.000523,0.0061140000000000005,0.004081,0.01045,0.010504,2019-11-30
Y8888,上市(不含金融),201912,0.049057,-0.009951999999999999,-0.009073,-0.011265,0.010773999999999999,0.011187,-0.011741999999999999,-0.019849000000000002,0.023445,-0.007584,0.01045,0.049928,2019-12-31
Y8888L,上市(不含金融),201912,0.046104000000000006,-0.011377,-0.010295,-0.010086,0.010188999999999998,0.010912999999999999,-0.010669999999999999,-0.019473,0.023254999999999998,-0.006217,0.01045,0.046974999999999996,2019-12-31
Y8888,上市(不含金融),202001,-0.047365000000000004,-0.00032399999999999996,0.000299,-0.006548000000000001,0.005159,0.005437999999999999,0.010001,-0.007002,0.019459,0.006063,0.01045,-0.046494,2020-01-31
Y8888L,上市(不含金融),202001,-0.049888,-0.0034189999999999997,-0.002395,-0.006124000000000001,0.007828,0.005743000000000001,0.011305,-0.008905999999999999,0.022265,0.005825,0.01045,-0.049017,2020-01-31
Y8888,上市(不含金融),202002,-0.022056,0.005309,0.0050290000000000005,-0.00149,0.002406,-0.000615,-0.014773000000000001,-0.000428,0.002557,0.006737999999999999,0.01045,-0.021185,2020-02-29
Y8888L,上市(不含金融),202002,-0.023233,0.002856,0.002846,-0.0018709999999999998,0.003467,-0.0012330000000000002,-0.013326,-0.001031,0.005194,0.005620000000000001,0.01045,-0.022362000000000003,2020-02-29
Y8888,上市(不含金融),202003,-0.13469699999999998,-0.029061,-0.028231000000000003,-0.020413,-0.025464,0.033109,-0.042134,-0.030952999999999998,0.029428,-0.004341,0.00795,-0.134034,2020-03-31
Y8888L,上市(不含金融),202003,-0.148668,-0.038991,-0.037634,-0.022428,-0.028778,0.043377,-0.049604,-0.037228,0.036553,-0.003737,0.00795,-0.148005,2020-03-31
Y8888,上市(不含金融),202004,0.135744,0.052386999999999996,0.047121,0.029272999999999997,0.035786,-0.002846,0.146827,0.016873,-0.039931999999999995,-0.005397,0.00795,0.136406,2020-04-30
Y8888L,上市(不含金融),202004,0.124689,0.039060000000000004,0.034986,0.024131999999999997,0.027607,-0.004765,0.12216300000000001,0.012015,-0.032233,-0.00488,0.00795,0.125351,2020-04-30
