Date,0050,0056,WIT01,WIT02,Y1100,Y1200,Y1300,Y1400,Y1600,Y1900,Y2500,Y2800,Y5555,Y5556,Y8886,Y8887,Y8888,Y9997,Y9998,Y9999,Z50TR,ZGT50,ESG100,ESG150
2000-01-31,1.0,1.0,1.0,1.0,1.1456922047783045,1.2437226259972298,1.1555171584562243,1.1655825442229995,1.121563843229153,1.299209496634189,1.4059074975388652,1.225038166698612,1.0,1.0,1.0,1.0,1.1384082331736451,1.0,1.1533998821234774,1.1533998821234774,1.0,1.0,1.0,1.0
2000-02-29,1.0,1.0,1.0,1.0,1.1985434165779565,1.3039355011853644,1.0939751621061913,1.0964492454223742,1.0999019065892832,1.452183084925179,1.4205725577086783,1.1307215853153199,1.0,1.0,1.0,1.0,1.1138405517754288,1.0,1.116832998548097,1.116832998548097,1.0,1.0,1.0,1.0
2000-03-31,1.0,1.0,1.0,1.0,1.045701550123399,1.2274133652646793,1.1135164713308539,1.0701416255049874,1.2174895587956869,1.3124268754648234,1.416803106356551,1.0545203299682289,1.0,1.0,1.0,1.0,1.1894083516507716,1.0,1.1664267315439518,1.1664267315439518,1.0,1.0,1.0,1.0
2000-04-30,1.0,1.0,1.0,1.0,0.8965815726033988,0.9788342071261735,0.9953558177204943,0.8854706211551867,1.1076614598653889,1.2100552261337953,1.1971622923897431,0.8873826426588799,1.0,1.0,1.0,1.0,1.0700335466588848,1.0,1.0388828987098342,1.0388828987098342,1.0,1.0,1.0,1.0
2000-05-31,1.0,1.0,1.0,1.0,0.9188779250483112,1.0008003200853504,1.0334234203429513,0.9038760868986098,1.104141378619911,1.2108977177242484,1.170572563945067,0.9787353498636296,1.0,1.0,1.0,1.0,1.074402829729555,1.0,1.058076884018013,1.058076884018013,1.0,1.0,1.0,1.0
2000-06-30,1.0,1.0,1.0,1.0,0.8354055361465282,0.9378277333380011,0.9292969002496009,0.7910382150937576,1.0432564259290933,1.0505375651829216,1.0623622857456168,0.8662211790235499,1.0,1.0,1.0,1.0,1.0012718080628131,1.0,0.9782519740044643,0.9782519740044643,1.0,1.0,1.0,1.0
2000-07-31,1.0,1.0,1.0,1.0,0.9340241355754164,0.9865887431382732,0.9840121838944353,0.8250518880658231,0.9654113490733041,1.113320509677031,1.0387873258795706,0.9656324535877426,1.0,1.0,1.0,1.0,0.9599692752311281,1.0,0.960478193798508,0.960478193798508,1.0,1.0,1.0,1.0
2000-08-31,1.0,1.0,1.0,1.0,0.7390386936000297,0.8409408116696191,0.8026343689902994,0.6921497119607252,0.9649683269454358,0.8468963202737211,0.7924879328772028,0.8496871976433004,1.0,1.0,1.0,1.0,0.9123998070930257,1.0,0.9015425845651583,0.9015425845651583,1.0,1.0,1.0,1.0
2000-09-30,1.0,1.0,1.0,1.0,0.6638254769312746,0.820768649786192,0.6942695453532141,0.6147890980435804,0.733983301959772,0.6884800068103393,0.6683789338751646,0.7652910959135389,1.0,1.0,1.0,1.0,0.7258179885975743,1.0,0.7320708354223846,0.7320708354223846,1.0,1.0,1.0,1.0
2000-10-31,1.0,1.0,1.0,1.0,0.6834771870769114,0.8033008320604749,0.6638918627982058,0.5225999612730551,0.6357365697196116,0.7239861620280543,0.6069754096671479,0.7244655995436254,1.0,1.0,1.0,1.0,0.6430074297436491,1.0,0.6562069941155333,0.6562069941155333,1.0,1.0,1.0,1.0
2000-11-30,1.0,1.0,1.0,1.0,0.65256273422548,0.7444400157124293,0.6321693258948038,0.4967482104862906,0.6050253022046113,0.641829876682014,0.5378965626701944,0.6763301057596255,1.0,1.0,1.0,1.0,0.6117283301551725,1.0,0.6222078985796075,0.6222078985796075,1.0,1.0,1.0,1.0
2000-12-31,1.0,1.0,1.0,1.0,0.657589764693589,0.7572165523055983,0.6078567702590495,0.5170395026219763,0.502762192000923,0.621614595295027,0.5062356533624915,0.7007668805260867,1.0212189879759692,1.0213548191339419,1.0,1.0,0.5361528449888622,1.0,0.5609166267066419,0.5609166267066419,1.0,1.0,1.0,1.0
2001-01-31,1.0,1.0,1.0,1.0,0.7120080937559579,0.765771083891183,0.7035579724963866,0.5804822821589476,0.655545215182088,0.7316317246675309,0.617734824609963,0.8989238080438435,1.2057948788900488,1.206425674550395,1.0,1.0,0.6680368114518346,1.0,0.7026059996326942,0.7026059996326942,1.0,1.0,1.0,1.0
2001-02-28,1.0,1.0,1.0,1.0,0.6977098153384185,0.8057014617014495,0.6905133310133764,0.5824983069908393,0.6140174076594463,0.7416743600519156,0.7319756723995102,0.845474728926751,1.1915893449308486,1.1923736687340458,1.0,1.0,0.6409120749722252,1.0,0.6716539677660374,0.6716539677660374,1.0,1.0,1.0,1.0
2001-03-31,1.0,1.0,1.0,1.0,0.6560882313979485,0.8031072598863322,0.6663281580422791,0.5507931217228502,0.6523585140517918,0.7554746891109828,0.6902406321092054,0.8114187664464402,1.1490195344683087,1.1494861311120121,1.0,1.0,0.6636502501363194,1.0,0.6862392164609253,0.6862392164609253,1.0,1.0,1.0,1.0
2001-04-30,1.0,1.0,1.0,1.0,0.5776437210093048,0.7286549344362796,0.6049890017755027,0.49778849550135623,0.6178750663319826,0.6675519927372087,0.5709286690410236,0.7195465910434977,1.030387556585598,1.0312091028108796,1.0,1.0,0.6216643264518704,1.0,0.6369723697114115,0.6369723697114115,1.0,1.0,1.0,1.0
2001-05-31,1.0,1.0,1.0,1.0,0.5024963011356889,0.6340579024053888,0.5930865131408705,0.48348064302441873,0.5809445300057817,0.5815728705996212,0.4860878063007671,0.676288174592948,0.9605924975045056,0.9632300565735922,1.0,1.0,0.5830093820797398,1.0,0.5975812626434802,0.5975812626434802,1.0,1.0,1.0,1.0
2001-06-30,1.0,1.0,1.0,1.0,0.48212638006248704,0.6259173157952422,0.5629373139143836,0.462441137684734,0.5554448248711331,0.5502783708375789,0.4645690859153958,0.6886314890742756,0.9435348291655685,0.9569970213700634,1.0,1.0,0.5581447174262655,1.0,0.5780008151596159,0.5780008151596159,1.0,1.0,1.0,1.0
2001-07-31,1.0,1.0,1.0,1.0,0.4196123374535887,0.5454495292432378,0.43754400298092755,0.38595827932852467,0.522050997244886,0.48347774214926315,0.42386172382250453,0.5353551074656498,0.769006390013972,0.7887049361560665,1.0,1.0,0.5105350426258446,1.0,0.5152170555620187,0.5152170555620187,1.0,1.0,1.0,1.0
2001-08-31,1.0,1.0,1.0,1.0,0.48392177849805695,0.6195152262041796,0.5327627904173525,0.45444153931832726,0.4945228107822315,0.5563687417323069,0.4967785130513491,0.6859071570450191,0.9219050899876701,0.9491333252377967,1.0,1.0,0.5070199130142568,1.0,0.533735436530665,0.533735436530665,1.0,1.0,1.0,1.0
2001-09-30,1.0,1.0,1.0,1.0,0.4255861005372942,0.5288645124820097,0.4297782074462507,0.38029994829742875,0.38449557444447957,0.44946198517674585,0.41351396186406125,0.5912898156283674,0.7837744432198402,0.8072539307873143,1.0,1.0,0.40268526592948134,1.0,0.4304668334544012,0.4304668334544012,1.0,1.0,1.0,1.0
2001-10-31,1.0,1.0,1.0,1.0,0.3987195465850856,0.4787513110525812,0.41668322422643295,0.3605614064029868,0.4303123235973697,0.44006712803085507,0.38733512678315524,0.620239862971281,0.7882657498313738,0.811839190247823,1.0,1.0,0.43455359204802224,1.0,0.4620154254674946,0.4620154254674946,1.0,1.0,1.0,1.0
2001-11-30,1.0,1.0,1.0,1.0,0.39839312896269446,0.5050771950013889,0.4363258292239003,0.3793894609763561,0.5203721761755505,0.43676281005136963,0.38980214075188063,0.6243788271678168,0.8061882523803032,0.8304662408020196,1.0,1.0,0.5073186357082193,1.0,0.5256493098011334,0.5256493098011334,1.0,1.0,1.0,1.0
2001-12-31,1.0,1.0,1.0,1.0,0.46205007792385544,0.5872562574423071,0.5362139698972445,0.433174339662134,0.6673297349316056,0.48697670048045616,0.46182788527798935,0.7478005357533686,0.9535608866772824,0.9822926507548724,1.0,1.0,0.6376804392739707,1.0,0.6570428775459648,0.6570428775459648,1.0,1.0,1.0,1.0
2002-01-31,1.0,1.0,1.0,1.0,0.44735983867161033,0.6173074999827065,0.6605159545832403,0.5404841321814292,0.6998865699483745,0.5426330338192327,0.5163099580239707,0.7519285295807931,1.03057716533948,1.0620298183840347,1.0,1.0,0.6812588106664145,1.0,0.6950246266613556,0.6950246266613556,1.0,1.0,1.0,1.0
2002-02-28,1.0,1.0,1.0,1.0,0.4302869359192214,0.5833377087771436,0.64800426555819,0.534305770480998,0.6784272684998328,0.5688087598679316,0.47128512838785835,0.7096893073508673,1.0006492106460674,1.0309709210191864,1.0,1.0,0.6640532081235287,1.0,0.6741895339232605,0.6741895339232605,1.0,1.0,1.0,1.0
2002-03-31,1.0,1.0,1.0,1.0,0.5055976925224474,0.6566034628614873,0.7245192119816273,0.6102357018324644,0.7349513297419314,0.6426718674547,0.591487930899058,0.7518247706032452,1.0849197270828337,1.1176318196865842,1.0,1.0,0.7217900296819366,1.0,0.7299793740243777,0.7299793740243777,1.0,1.0,1.0,1.0
2002-04-30,1.0,1.0,1.0,1.0,0.5784599300513443,0.6705942630080163,0.7178447205258586,0.5923509492898348,0.6959885986721961,0.6715042056303242,0.7853608384491118,0.8227441512215994,1.1451263726011986,1.1806793580838957,1.0,1.0,0.6958389772083653,1.0,0.7179373284678904,0.7179373284678904,1.0,1.0,1.0,1.0
2002-05-31,1.0,1.0,1.0,1.0,0.559885489051063,0.654865112283198,0.7095715087034054,0.5864000752994504,0.6293227738031844,0.7254109188996973,0.6354156038026184,0.8079880582207689,1.1340190453434245,1.170001463893608,1.0,1.0,0.6443520762586743,1.0,0.6717674868786846,0.6717674868786846,1.0,1.0,1.0,1.0
2002-06-30,1.0,1.0,1.0,1.0,0.5515283700488273,0.618108049146491,0.6692202836720442,0.5608409080731593,0.5478279506485457,0.6852400939600325,0.6248616585915208,0.7877417273645174,1.0970118681856758,1.1372533350269338,1.0,1.0,0.5758742258667627,1.0,0.6099910463727276,0.6099910463727276,1.0,1.0,1.0,1.0
2002-07-31,1.0,1.0,1.0,1.0,0.5851523724143601,0.608118812993184,0.7640072502535328,0.5857501180838335,0.509750952992571,0.7370739887799799,0.5744914869458909,0.7361539580467907,1.097135837530917,1.1465162536836213,1.0,1.0,0.5553048704102683,1.0,0.5847411548564602,0.5847411548564602,1.0,1.0,1.0,1.0
2002-08-31,1.0,1.0,1.0,1.0,0.5184596888726487,0.5674157493176037,0.7314978483119768,0.5616215806081616,0.4942632544460708,0.640339355620895,0.4902675580816703,0.7127988615349523,1.0501342362020119,1.1000713045262043,1.0,1.0,0.534974605268802,1.0,0.5639763279978104,0.5639763279978104,1.0,1.0,1.0,1.0
2002-09-30,1.0,1.0,1.0,1.0,0.41549902967842944,0.5152603356124226,0.6107234749976583,0.470538262595364,0.43650781503609143,0.5326551832023828,0.40946985195447905,0.6316997985366777,0.9168943738512692,0.9599932747630017,1.0,1.0,0.4698428508887067,1.0,0.49614105877381587,0.49614105877381587,1.0,1.0,1.0,1.0
2002-10-31,1.0,1.0,1.0,1.0,0.46815445755696883,0.554473091983205,0.6897507351943923,0.528030622393631,0.4683450352011144,0.593559391508842,0.42475234395965067,0.676923507430976,1.0290139359937505,1.0787101264524646,1.0,1.0,0.5153726746100918,1.0,0.5419855166215467,0.5419855166215467,1.0,1.0,1.0,1.0
2002-11-30,1.0,1.0,1.0,1.0,0.5377524257066145,0.5988464845144646,0.7408878608674994,0.5736860405424786,0.4705359099099326,0.6117014147007899,0.45600249408411514,0.6745732569269045,1.0602015165413075,1.110944995021203,1.0,1.0,0.5249947586311834,1.0,0.5499807507524478,0.5499807507524478,1.0,1.0,1.0,1.0
2002-12-31,1.0,1.0,1.0,1.0,0.5641946290752793,0.5914784671678738,0.7487044246395281,0.594725098219322,0.4216178263647638,0.6896459010502395,0.4731352455336514,0.7182583181895735,1.110315267753577,1.1634747479490295,1.0,1.0,0.49241766992945124,1.0,0.5269903720302379,0.5269903720302379,1.0,1.0,1.0,1.0
2003-01-31,1.0,1.0,1.0,1.0,0.7087772334908048,0.6864066792593726,0.8626778055159894,0.76938021795235,0.4508047319897207,0.9996760524823316,0.6301389048567237,0.8631429141886895,1.3276294719004993,1.3908582463220334,1.0,1.0,0.5455891821975394,1.0,0.593592631765485,0.593592631765485,1.0,1.0,1.0,1.0
2003-02-28,1.0,1.0,1.0,1.0,0.5669693687966652,0.624538064070587,0.7646424041483857,0.6235358609242261,0.4112927627243052,0.8551246766781323,0.5011644441085185,0.7095026836051324,1.1345771199888388,1.1884381903154817,1.0,1.0,0.49107422084226254,0.883812803071857,0.5246242431389484,0.5246242431389484,1.0,1.0,1.0,1.0
2003-03-31,1.0,1.0,1.0,1.0,0.5887103393982361,0.5883330969897907,0.7670279788409111,0.5945621658651618,0.40304502448024193,0.7681087148947576,0.47683583917541666,0.6863970696331303,1.0980182894424244,1.1503957343423727,1.0,1.0,0.4796272688306705,0.8616320117400527,0.5114579020040094,0.5114579020040094,1.0,1.0,1.0,1.0
2003-04-30,1.0,1.0,1.0,1.0,0.488753014464148,0.5235943686842137,0.6997508051234184,0.5119010163879802,0.3975856088102598,0.675261672681319,0.4231079210376081,0.6613884113380677,1.0187781325860028,1.0676436245771832,1.0,1.0,0.45999484319844347,0.8271857517912902,0.49096374157195705,0.49096374157195705,1.0,1.0,1.0,1.0
2003-05-31,1.0,1.0,1.0,1.0,0.5627904064477103,0.5583367522371541,0.7879142616946299,0.591863053148436,0.43833711311478724,0.7362960494720752,0.46778990724531383,0.7030972929134351,1.1146294301160655,1.1686368685814779,1.0,1.0,0.5090922709400665,0.9088411068763051,0.5392343585865166,0.5392343585865166,1.0,1.0,1.0,1.0
2003-06-30,1.0027046509868651,1.0,1.0,1.0,0.562529332273011,0.5712239154775455,0.8165664385086256,0.6274376346044274,0.4753409228872511,0.7418679623238865,0.5309066890596232,0.7354269971140761,1.167722184059101,1.2323587303997776,1.0,1.0,0.5471589137576487,0.9755557210968056,0.5766654442259858,0.5766654442259858,1.0,1.0,1.0,1.0
2003-07-31,1.105189706140953,1.0,1.0,1.0,0.6101905460613127,0.6214474034572033,0.8786663784885171,0.6587527530053775,0.5411412195017425,0.8430727717271955,0.5954624192920971,0.7193192502424662,1.207726902663502,1.2935559804713894,1.0,1.0,0.6110729087538838,1.0786324621193095,0.6294763472951963,0.6294763472951963,1.0,1.0,1.0,1.0
2003-08-31,1.2147083417086926,1.0,1.0,1.0,0.6309194999095761,0.5985435448435008,0.9263010399781161,0.6707847388249965,0.576478058408457,0.8421012690003432,0.7211472011881116,0.7812125617810701,1.274291069436036,1.3688171873139103,1.0,1.0,0.6464386376302308,1.1510297770547213,0.6688295731249639,0.6688295731249639,1.0,1.0,1.0,1.0
2003-09-30,1.2087599507303959,1.0,1.0,1.0,0.6126061778469793,0.5886920896605874,0.9224943755968729,0.6395349547227602,0.5695879923231058,0.8583640232061335,0.7429399934817008,0.798276699823386,1.2734897923814128,1.3692402171795386,1.0,1.0,0.6382309950237003,1.14352546090477,0.6641641142696908,0.6641641142696908,1.0,1.0,1.0,1.0
2003-10-31,1.2979991974703442,1.0,1.0,1.0,0.7697896371241437,0.6805295730566364,1.0235756127098592,0.7504546921130996,0.5865754351369539,0.9517936708319453,0.8288774197326048,0.9387106445796611,1.4550481603899068,1.5643665786730634,1.0,1.0,0.6744295881244496,1.2320013981836373,0.7154976245336625,0.7154976245336625,1.0,1.0,1.0,1.0
2003-11-30,1.2168736649132295,1.0,1.0,1.0,0.7231403166975641,0.6598056216437642,1.0010145142718092,0.703401096560837,0.5600064373786471,0.9140847386084728,0.803109669211726,0.8801349772792686,1.3926355068419094,1.4971854816499222,1.0,1.0,0.6466086733506446,1.1763059768140007,0.6831437315793767,0.6831437315793767,1.0,1.0,1.0,1.0
2003-12-31,1.2417516453132305,1.0,1.0,1.0,0.7787665165908177,0.6802261245411022,1.0761587628797098,0.7199201326499116,0.5621081555535101,0.9623548782809627,0.8824677806673246,0.9083150401864271,1.4513947635586852,1.5603310339500858,1.0,1.0,0.6582786217309545,1.2005454557772033,0.6972188004859278,0.6972188004859278,1.0,1.0,1.0,1.0
2004-01-31,1.312060759442129,1.0,1.0,1.0,0.8599534664307251,0.7799004466064975,1.0754734680373352,0.819783498339658,0.6089366741574381,1.0993246096420324,1.2114827225892113,0.9893936482589188,1.5704591047178547,1.6889786548473336,1.0,1.0,0.7113974528139403,1.2993433221042356,0.7545867730735487,0.7545867730735487,1.0,1.0,1.0,1.0
2004-02-29,1.3669554942914488,1.0,1.0,1.0,0.9427397644714348,0.9366973948227207,1.0824781544021278,0.8906408670934016,0.6254649411290698,1.2723836104574913,1.300504153925141,1.1261255225339826,1.7232843916162992,1.8534800868283372,1.0,1.0,0.7408315555297033,1.3758036044496909,0.7989906782938512,0.7989906782938512,1.0,1.0,1.0,1.0
2004-03-31,1.3247715109475173,1.0,1.0,1.0,0.8789853922814088,0.8941730091433333,1.0777828345363913,0.7975737277555061,0.6057372304917884,1.2269642141726562,1.2602763218808237,1.0727184134598253,1.6614488119465372,1.7878593315023783,1.0,1.0,0.7181699778494783,1.3292634608481346,0.7719635076176058,0.7719635076176058,1.0,1.0,1.0,1.0
2004-04-30,1.284478757669808,1.0,1.0,1.0,0.741649885201871,0.7484416755016512,0.9916242734960964,0.7742255806398367,0.5820423893315222,1.0419187862139931,1.0896352421422002,1.0133523570718805,1.515406924613184,1.630655367560765,1.0,1.0,0.6725270131904035,1.2468482908568819,0.7241012849798489,0.7241012849798489,1.0,1.0,1.0,1.0
2004-05-31,1.2263373956249926,1.0,1.0,1.0,0.7620203634232516,0.734423089660913,0.9878938759594167,0.7199525297848108,0.5619002140075136,1.1001670148930387,1.1857838112236851,0.9980039946733263,1.501362456225648,1.6169537858383511,1.0,1.0,0.6559071760328723,1.2192366912175525,0.7075344203335652,0.7075344203335652,1.0,1.0,1.0,1.0
2004-06-30,1.2101133101786559,1.0,1.0,1.0,0.7681248453471397,0.7199906882800806,1.0436237168304265,0.7142615979937069,0.5304004455947879,1.0353101047947975,1.084289571799235,0.9938549584746532,1.5201438978265056,1.6464690084950298,1.0,1.0,0.6377346444149947,1.19666557311478,0.6911537336519891,0.6911537336519891,1.0,1.0,1.0,1.0
2004-07-31,1.1333150381331296,1.0,1.0,1.0,0.743053671996888,0.7074622555031603,1.0527091666618682,0.6682486126897876,0.4794455245385025,0.9428519571787407,1.0218584711998082,0.9230914225817561,1.451597973049916,1.6024488653410205,1.0,1.0,0.5919654543140758,1.1306311312067072,0.6415764039448858,0.6415764039448858,1.0,1.0,1.0,1.0
2004-08-31,1.2209326086078742,1.0,1.0,1.0,0.8415422993561861,0.7351681723669201,1.0967650682813646,0.7408945288882535,0.5114655739300786,1.0188525061042821,1.0320694899341838,0.9776016526975515,1.5392972790835553,1.7135924246857794,1.0,1.0,0.6303197806768561,1.2120934637752467,0.6824070170219825,0.6824070170219825,1.0,1.0,1.0,1.0
2004-09-30,1.2331008337061617,1.0,1.0,1.0,0.8850899506381166,0.7521947594001627,1.1539928820508143,0.8173776917026145,0.49785619934050096,1.0626523502416274,1.0829881217007227,1.0265380248542761,1.6227609683155721,1.8087934123956362,1.0,1.0,0.6334678692013239,1.2296001066773352,0.6918936639391048,0.6918936639391048,1.0,1.0,1.0,1.0
2004-10-31,1.2093028058101192,1.0,1.0,1.0,0.839583788350055,0.7194113289994122,1.108261975101564,0.7696410820602039,0.48137677475927704,0.9981846497451531,1.0269990439184706,1.054874708331329,1.598617191101478,1.7816394861078098,1.0,1.0,0.6099160220881117,1.2003005694834759,0.6753514884564022,0.6753514884564022,1.0,1.0,1.0,1.0
2004-11-30,1.2303934545733342,1.0,1.0,1.0,0.8739588384767427,0.7385075157606479,1.1337673210577877,0.8244992884423649,0.49738495269023264,1.023841776969018,1.0476263645985218,1.0492178690662612,1.62219796794578,1.8081694863017996,1.0,1.0,0.6297105560565188,1.2295251033584522,0.6917836615919568,0.6917836615919568,1.0,1.0,1.0,1.0
2004-12-31,1.3115163671961647,1.0,1.0615477662805957,1.0615498893782513,0.929258799857754,0.7869646098501892,1.170387628090281,0.8732119230217036,0.526120502645586,1.1289985490467966,1.2323846102048532,1.0903655423776948,1.692128154929709,1.886261824749837,1.0,1.0,0.6633437145359323,1.2917062256785439,0.7266916730536904,0.7266916730536904,1.0,1.0,1.0,1.0
2005-01-31,1.2733879172730809,1.0,1.0500974821469444,1.0500985322449516,0.892272232123912,0.7325189998980046,1.1644233663781098,0.81061423814214,0.5163646897802531,1.071009862385739,1.1554928928506865,1.0502686619873123,1.6419934139015604,1.8306754552834357,1.0,1.0,0.6499394982760073,1.2611045954823836,0.7094750135400415,0.7094750135400415,1.0,1.0,1.0,1.0
2005-02-28,1.3150320000862572,1.0,1.102413646388414,1.1024147488026117,0.9113693776133128,0.7494070388643957,1.1987088269824995,0.8125652990061588,0.5423357523792539,1.0612261660323108,1.1336312771420594,1.062351662175877,1.6772910135227124,1.8704312139900614,1.0280985210108085,1.0281674059193349,0.6771956853850666,1.3060691795365378,0.734756593443249,0.734756593443249,1.0,1.0,1.0,1.0
2005-03-31,1.2641930329421251,1.0,1.0520819389309684,1.0520819389309684,0.8549596535407784,0.701336134318836,1.2051294637883656,0.7520165103655299,0.5278764599607024,0.9760250762695231,1.048653541670385,1.0043474227423586,1.613160018919101,1.7985791642420832,0.9996910477355831,0.9997580292796381,0.6589537032383965,1.263580047982017,0.7108541527270505,0.7108541527270505,1.0,1.0,1.0,1.0
2005-04-30,1.2379626448267287,1.0,1.0455959396002577,1.045594894004841,0.8236859091134016,0.6704568052739988,1.178329785753571,0.7208638460209821,0.5174739982668012,0.892378418837519,0.9324945238764147,0.9559726262216965,1.5419440647469014,1.718486566009138,0.9581020334020367,0.9582754655652198,0.6410979664269253,1.2241074913933339,0.6886252914187634,0.6886252914187634,1.0,1.0,1.0,1.0
2005-05-31,1.2808308898098566,1.0,1.1426052933258832,1.1426052933258832,0.8201926723857633,0.6749275008676892,1.1323192919091887,0.7345868842723277,0.5543234044570948,0.7973934964599366,0.9076867036081483,0.9818860657663597,1.5310289106427017,1.7070265546189416,0.9307468040234181,0.9314572348297747,0.663373565674732,1.2650390610460103,0.7115269389332319,0.7115269389332319,1.0,1.0,1.0,1.0
2005-06-30,1.3365544546676544,1.0,1.1741893563386194,1.1863424469471568,0.8691591751561671,0.7172312255962648,1.1951802370575981,0.7540979592373849,0.5744696566841645,0.8538916216328616,1.0008883943887306,1.0080391417535688,1.595070602264841,1.7875286081189068,0.97910048624283,0.9865157382724943,0.6906714766731653,1.3219937318450683,0.7387948510673725,0.7387948510673725,1.0,1.0,1.0,1.0
2005-07-31,1.3556933216983318,1.0,1.2144557086483663,1.2349703973060644,0.8688002865324297,0.6974454334219431,1.126760836470381,0.7823891718635503,0.5973799116875109,0.8146929379385244,0.9888268880907619,1.021952486503796,1.5601999716479278,1.8027963730686711,0.9350194011646592,0.9786179086682586,0.6980043110147084,1.3617927088514468,0.7470844858827687,0.7470844858827687,1.0,1.0,1.0,1.0
2005-08-31,1.3143220745033692,1.0,1.1536755776396066,1.182573504847934,0.8542084741970036,0.6324032718227127,1.1313538353789399,0.7162471428509195,0.5637541650935453,0.798494659112527,0.9571654676686642,0.9673702225254127,1.5149084377405733,1.7679187371346878,0.9236038805152115,0.9787079456574941,0.6687399559666489,1.3169691525848406,0.7141201881973358,0.7141201881973358,1.0,1.0,1.0,1.0
2005-09-30,1.3354322203301427,1.0,1.1927338199621016,1.2233414399028544,0.8643936504429475,0.6575700372965607,1.134095027164825,0.6923137708826744,0.5815629839448577,0.789229599369794,0.9229003624326896,0.9553906161323877,1.503891376729151,1.760975646394124,0.9199987202248171,0.9757196282257632,0.6822500814563492,1.3388379014891663,0.724197596855349,0.724197596855349,1.0,1.0,1.0,1.0
2005-10-31,1.2788650437194071,1.0,1.1074576689061169,1.1358758189282614,0.8411182689019608,0.6306369112781967,1.1314047474470448,0.6651937016922874,0.5427545972334025,0.7229472640066871,0.8536158591771085,0.8931649506409013,1.4351221965838703,1.680892664136061,0.8897907110794375,0.9438802261168295,0.6438541845636585,1.26141360396027,0.6822616798063198,0.6822616798063198,1.0,1.0,1.0,1.0
2005-11-30,1.3731494910606883,1.0,1.2583848077280926,1.2906771459594195,0.8640669713893109,0.6735756269349475,1.1326737633194381,0.6953054733377356,0.6083231752452855,0.755019275194544,0.8795199778974754,0.9207736853617838,1.4658510568877983,1.7166024198893224,0.9034314892438471,0.9583492556169488,0.6994143059207,1.3575356038556605,0.7342417095591312,0.7342417095591312,1.0,1.0,1.0,1.0
2005-12-31,1.4423806822003467,1.0,1.3591153361992443,1.3939912006281374,0.9213908104447933,0.7209020528172924,1.1589402384503207,0.7387822916616598,0.6557576462437807,0.8045203642039668,1.0489272759655326,0.9269292850342291,1.505688095460593,1.7634039435473392,0.9399947395097218,0.9972218661759351,0.7454449429646597,1.4330384782202221,0.7750606458350384,0.7750606458350384,1.0,1.0,1.0,1.0
2006-01-31,1.4451946234449449,1.0,1.359884813220988,1.3947804229765481,0.9286707651700576,0.7802600635977307,1.1720097380070056,0.7250918083048609,0.65334693288632,0.7475037178629241,1.001024524467003,0.9249847759847662,1.5029021416972808,1.759877140360301,0.9384009211741227,0.995532011292902,0.7435487105719852,1.429503240994336,0.773147835229959,0.773147835229959,1.0,1.0,1.0,1.0
2006-02-28,1.4747448621258799,1.0,1.344136769574887,1.3786310306094909,0.9470825685482176,0.7858345538455347,1.1560210737828696,0.7381317110855292,0.6473552904749154,0.8422941322729461,1.020829977652723,0.968659618208702,1.536747238762425,1.7993023384143785,0.944805682137807,1.0023277049083978,0.7405760127267137,1.4359476291360225,0.7766332870976026,0.7766332870976026,1.0096543050127063,1.0096310832307425,1.0,1.0
2006-03-31,1.4860030518079204,1.0,1.3802780991642891,1.4156998465122006,0.9686276529687303,0.8119398645490916,1.1707153825096235,0.7149461884710658,0.6670174976848724,0.7971343856813693,0.9944454836886127,0.9125686166717424,1.5040628301187557,1.761058414194533,0.9474823217341348,1.0051662995388615,0.7566549060203277,1.447401673991597,0.782828215329143,0.782828215329143,1.0732377348375755,1.0732409545556096,1.0,1.0
2006-04-30,1.5985788247492891,1.0,1.475796730158968,1.5136697493311306,1.031860001091564,0.970779424237955,1.2028190379100097,0.851685458909588,0.715907006246904,1.070296807291093,1.2654148334465802,1.0368849727505174,1.6568629080690511,1.9396198494848904,1.0236974254554863,1.0860203936297266,0.8129871298519784,1.5694731660172472,0.8488489701125608,0.8488489701125608,1.16959788301027,1.1695511000306156,1.0,1.0
2006-05-31,1.5028901185282397,1.0,1.3623211869406007,1.3972835076197412,1.0642762599199427,0.9641841265162981,1.1816030104429198,0.7907139559032457,0.6717567386848804,1.039520968677076,1.443662085104827,0.9930234499092886,1.6218557202829416,1.9029836565086162,1.0160087892952265,1.0784092083072174,0.7756786153979279,1.4985890018927748,0.8104035058366097,0.8104035058366097,1.1491827068271665,1.1491689167174255,1.0,1.0
2006-06-30,1.4944451487588986,1.0,1.3105213039477355,1.3574948783984297,1.001533174111503,1.1000086022488784,1.2035806633900399,0.8107455682861734,0.6374317923919475,0.9930651577700438,1.5443328425961653,1.0111588000914855,1.655365780803637,1.9449300258567936,1.0385287000356804,1.10483720685132,0.7535386260898905,1.4767001941896198,0.7935323270674187,0.7935323270674187,1.0741611162866478,1.0717287511636118,1.0,1.0
2006-07-31,1.446602928741524,1.0,1.2512098960190272,1.301666022831852,0.989030607412078,1.027708945500568,1.154955713559375,0.7730241414720868,0.6184035754191352,0.965917357182765,1.5396036297229707,0.9691789589349427,1.579234127359121,1.9164873399523827,0.9878909122822344,1.0949853673188021,0.7261207178134741,1.4475522115935116,0.7639621751554964,0.7639621751554964,1.096913141560304,1.084271139033193,1.0,1.0
2006-08-31,1.526815204119672,1.0,1.3439889226619632,1.414315968888774,0.9600748776594304,0.9941253237913747,1.200179345247885,0.7599193270153057,0.6534965664663418,0.9471924364983871,1.4153587039585203,0.9214387240126785,1.5486274151541701,1.9083481024168814,0.9871492847231155,1.115006238540481,0.7547731790266854,1.5052906462689928,0.7825667943649544,0.7825667943649544,1.186508546516428,1.163783109613352,1.0,1.0
2006-09-30,1.5859173347391353,1.0,1.396365793857217,1.471449545055641,1.051511865024052,1.1122611328951766,1.2381706400221666,0.7993638940797179,0.6719025257144956,0.9928705360726702,1.5526249272094939,0.9887497626014238,1.639751982144595,2.0217369132671514,1.0368445350251208,1.1721316333582068,0.78121256178107,1.568726274564491,0.8146750148910441,0.8146750148910441,1.197515507362645,1.1725736102914,1.0,1.0
2006-10-31,1.615050135748675,1.0,1.41613311695223,1.4922812658501219,1.1354079344816774,1.151170211253834,1.2855774566344915,0.8402397594121132,0.6821989146190205,1.0434077090786162,1.7245669922719418,0.9901636960270046,1.686020468872937,2.0788440623954796,1.082796449766648,1.2241797158659269,0.7997188904520517,1.6003782379072518,0.8310402912860145,0.8310402912860145,1.216209433243934,1.1901555346865251,1.0,1.0
2006-11-30,1.702757507204122,1.0,1.5160435291991265,1.5975624518575884,1.287661779960292,1.2552603484081628,1.3514836648772246,0.9780524309558505,0.7320034880035545,1.185172104610972,2.092300126870656,1.0777311022019196,1.8287432823695078,2.255872914897224,1.1720531031695625,1.3251080456493958,0.8603310688801614,1.7249257395147541,0.8957123101384264,0.8957123101384264,1.311707862564597,1.2836094598413825,1.0,1.0
2006-12-31,1.746610408024785,1.0,1.538309367383971,1.621025542697754,1.3154094684343989,1.3258224714064462,1.4236329216233674,1.067282822011145,0.7523692888289744,1.2749729975576916,2.069615828589643,1.1018769016505747,1.9067400428588777,2.347965010444892,1.2360354007390764,1.3974707561551338,0.8913278159866994,1.7832882650751707,0.9260120791338788,0.9260120791338788,1.374923371847321,1.345426415023063,1.0,1.0
2007-01-31,1.7148523780940796,1.0,1.499070126178699,1.5796763748265377,1.266051497215318,1.2617731580714258,1.4084319593546304,1.0288132978390876,0.744466816035398,1.173314911039466,1.8786905157994196,1.0780329091615386,1.8600139728837795,2.2903874605483563,1.2037395465236636,1.3609568247708852,0.8782078343293837,1.7550072711242723,0.9113256329330682,0.9113256329330682,1.3692662329908143,1.3398826024327293,1.0,1.0
2007-02-28,1.7466086614152503,1.0,1.539569758815698,1.622352084073135,1.2914492017143664,1.33928916589575,1.4679692747992117,1.0641283358007785,0.7622025080555264,1.2217142555777334,2.094904567854903,1.0725113987835864,1.9153741842109258,2.3584131528031,1.2634018957552786,1.4284115176096521,0.9064050479988804,1.8011223529408353,0.9352718904874984,0.9352718904874984,1.4211664811591538,1.390724730339256,1.0,1.0
2007-03-31,1.7072911642416235,1.0,1.5122460560497533,1.5935575982972252,1.2789468937013768,1.3052087634854508,1.5303997870541808,1.082695754379228,0.7630764928273808,1.1529697441931563,1.9198095722478383,1.0252905132568246,1.903779269948661,2.343716693822785,1.281185729109308,1.448516602472949,0.9110850747210548,1.7971211078616613,0.9331950902936088,0.9331950902936088,1.450805616889547,1.4197289881743544,1.0,1.0
2007-04-30,1.7209010156948772,1.0,1.5348965735894176,1.6174260052844998,1.36277764099001,1.3720171099020186,1.5319738469634456,1.1488380037231696,0.7613363762930833,1.1823854906081914,1.9383808283104946,1.0014150001693576,1.9050666598238988,2.345142106854281,1.2975852017621772,1.467057948875548,0.9134953440522482,1.7950717620517096,0.9321309219190932,0.9321309219190932,1.4401064003641328,1.4092575423550062,1.0,1.0
2007-05-31,1.8070957525574292,1.0,1.6058528722072387,1.692197533606314,1.4072071564165245,1.3483127554396,1.63757256164424,1.1926395977121527,0.7959698267095433,1.168649723657735,1.962503590054722,0.9884788822787699,1.9389953924363363,2.386812992185454,1.3401197826431894,1.5151493273323888,0.9519069410182167,1.8566411093225916,0.9640327614909003,0.9640327614909003,1.527364956542654,1.494648407120385,1.0,1.0
2007-06-30,1.9658761031928356,1.0,1.7590941692568318,1.868843891802998,1.648058617951433,1.4474074636098724,1.8145091674741507,1.2753338659764735,0.8662333062049463,1.242447220977614,2.0324053640443065,1.0891896724533763,2.120871310993601,2.6311131300171544,1.4607266246046753,1.6703814274164444,1.0364744475906544,2.0393313815686795,1.0514130275541738,1.0514130275541738,1.6582220928432656,1.6212508809088317,1.0,1.0
2007-07-31,2.005192367406786,1.0,1.770893107789942,1.8931687263929295,1.7050884734913985,1.6265024935382024,1.887573232379402,1.4186418921803339,0.8907005420305848,1.3490950036678118,2.2693830263704142,1.1547432212579716,2.2677020364315625,2.875400589438788,1.5681302718278483,1.8374615009106494,1.0811983399050022,2.1678567355379634,1.0992355679548884,1.0992355679548884,1.9305752200732826,1.8620257351500662,1.0,1.0
2007-08-31,1.9840178384966347,1.0,1.7143414282207199,1.8514960722847777,1.8239473023877615,1.6975329650049948,1.9374409415497267,1.4027407479839553,0.8606072794827021,1.1851069219377584,2.0346666558543545,1.043040494198631,2.1957507162206333,2.8047656829635192,1.565916068456838,1.8470227159917,1.0569950248309863,2.115541905978025,1.0631253357689596,1.0631253357689596,1.7377948814515034,1.64516058580021,1.0,1.0
2007-09-30,2.0974325468286583,1.0,1.7875268205911923,1.9324661786869448,2.2071277288009306,2.1336795978102736,2.098617931057127,1.5090102917384571,0.8982857986602653,1.3089234428503764,1.9905321200455364,1.0779380464395534,2.3471597965483864,3.0041419907143756,1.6973581281138534,2.005541301235078,1.1187007865909708,2.2345860536119635,1.121637868885626,1.121637868885626,1.7380416658459468,1.6450487186839007,1.0,1.0
2007-10-31,2.2015441488532765,1.0,1.8814297629378958,2.034027870818915,2.2428087799795047,1.8995879609568511,2.2150788476572676,1.443452769278251,0.9217290229304217,1.2594876357878289,2.0387767588650005,1.1227668043410486,2.3961732843791914,3.06625822801523,1.7186652979059005,2.0310339533267636,1.1436215210779566,2.290231719496294,1.1494344053999495,1.1494344053999495,1.6689855720919464,1.578640446946146,1.0,1.0
2007-11-30,1.9381094739897764,1.0,1.6336993774782014,1.7662046874081803,1.9046437819665967,1.6555892702692454,1.9448775134550151,1.2866166229861224,0.8102957293376295,1.1115684100149654,1.7386831215619454,1.0134141734510422,2.1336859988586685,2.730214015280856,1.5217500176646312,1.798411904157523,1.0079222159949504,2.0249601067619936,1.01628314870519,1.01628314870519,1.415756475638636,1.3390976612379357,1.0,1.0
2007-12-31,1.9271302899685336,1.0416000078409902,1.6104795632242974,1.7411015715342566,1.8716735927402492,1.7403617605873165,1.984619086986245,1.2530906253570029,0.798137013623816,1.044314824462355,1.7343661235735663,0.9752611477518482,2.128677723789407,2.7226291153780684,1.5407664693801446,1.8210859518709135,1.0030416163566085,2.006135029327666,1.0068000158278791,1.0068000158278791,1.4466868341446244,1.3683819726511433,1.0,1.0
2008-01-31,1.723284391616299,0.9091983516253027,1.3702949381622331,1.481437647893506,1.752259328305914,1.5878692132200476,1.6172707398408528,1.320988077315216,0.6655410234476623,1.021831903224942,1.916245877759986,1.0376743425318873,2.012969510009053,2.5744450594585326,1.384044486356413,1.635852376997327,0.8594058505067975,1.7737962076902247,0.8901983285623902,0.8901983285623902,1.1445711209698917,1.0825885728051194,1.0,1.0
2008-02-29,1.9083156607748946,0.9899993424951847,1.4951073346231383,1.6163734036140778,2.1503916750721848,1.9064311759908268,1.8966591568865208,1.5278033731949623,0.733800562869545,1.2275459330666603,2.3575124110313608,1.1256988018296237,2.2862021704974977,2.92420895098639,1.6053310548236892,1.8973989982173884,0.9668199454374737,1.9840793440029587,0.9957311376071284,0.9957311376071284,1.2942456295841425,1.2241980786993856,1.0,1.0
2008-03-31,1.8957679365359725,1.0199993601580974,1.4690633193899456,1.5882154064422196,2.2737876289407315,1.89798728308628,1.984746106672399,1.5457202763533375,0.7275082062000787,1.2627930827772391,2.7273024305332476,1.1762989189993132,2.3977744628672313,3.067107699190717,1.6864167302420094,1.9932351056934154,0.9806692816068987,2.0217733048591136,1.0146482492829614,1.0146482492829614,1.3389517075474817,1.2664731625672752,1.0,1.0
2008-04-30,2.0039635611531614,1.0519977757424264,1.5650660068442805,1.6920046340829649,2.130869260519459,1.8997266359395761,1.9346491650666162,1.5410700302743792,0.7687557347898489,1.2880623050522833,2.6684345777428913,1.2714881676285879,2.452039187995787,3.1354791458559093,1.6810658049970684,1.9869106593955972,1.013221643049054,2.1036901144048654,1.055758008071576,1.055758008071576,1.4732531752462783,1.393467158462802,1.0,1.0
2008-05-31,1.9506487313644119,1.0291991751732552,1.5199128535138484,1.6431892203276066,2.168409609493959,1.884272867883953,1.8991700975720975,1.4382800643973304,0.7425121832666253,1.273354809617633,2.5256867349836973,1.1943510697274236,2.3693674007430863,3.0294467133725367,1.6460623808705104,1.9455680675383893,0.984169638439886,2.032791557750715,1.0201503312349849,1.0201503312349849,1.361090205075241,1.2873579276362057,1.0,1.0
2008-06-30,1.7248446699101474,0.9159999215061375,1.34298265185435,1.4519086482572103,1.7869584774335958,1.624269213726658,1.614149189160402,1.1841828989544587,0.6545901266870565,1.0498874836510645,1.9545539327267702,1.0570161649428835,2.043524473057189,2.6411990509159082,1.4027561782170488,1.6846334448657225,0.8569248961404788,1.7839375001572746,0.8904823471277543,0.8904823471277543,1.143711870746887,1.081019956895921,1.0,1.0
2008-07-31,1.6433075342107188,0.8587993241053524,1.2345925541774359,1.3779928721873935,1.7172617217964246,1.7164376339668643,1.449928144953354,1.117585997721334,0.6188712652866468,1.013345263630208,1.6992092571555486,0.929413999036101,1.8816762463811536,2.5089918021462223,1.3192653122230347,1.6447164524027507,0.808553039311352,1.715612225991458,0.8313644602084471,0.8313644602084471,1.0925495481970848,1.0147233360315835,1.0,1.0
2008-08-31,1.6825070958968884,0.8760010407286913,1.307773404659943,1.4766854272615129,1.4537551973825316,1.5439931267409086,1.395212871933796,0.9505077152908102,0.6498465635727436,0.92859740307745,1.5291851319051684,0.9100515797805732,1.7855187691811505,2.403776398317706,1.2341617565545855,1.5509800167432168,0.8143882997506274,1.7413122575706603,0.8339740435078364,0.8339740435078364,1.0784059730844453,0.9861665735069555,1.0,1.0
2008-09-30,1.3986912808067513,0.6800010069528951,1.0813659386362537,1.226686951592105,1.0294101826316913,1.2345382333001202,1.2008672450771916,0.7287008411431953,0.5330063186545371,0.6891915741186135,0.9318065967941106,0.7099185740217158,1.4278788194679635,1.926816193330841,0.9982135975197364,1.258407458858491,0.6652961494106197,1.4176662022343416,0.6769309536305118,0.6769309536305118,0.8102957293376294,0.7397366755224224,1.0,1.0
2008-10-31,1.2167909203173635,0.5860014587932186,0.8799836070813869,0.9982415478917704,0.8553829633298105,1.1808647392951594,1.1664547261214422,0.6471779394235289,0.44489365629182276,0.6198641114785218,0.7715830234054154,0.5534598875558675,1.2482243232640617,1.6841938129110794,0.9148977212583406,1.1540044220373347,0.5741646942711514,1.211624474360071,0.5764890115956218,0.5764890115956218,0.6340560002345349,0.5773538166334445,1.0,1.0
2008-11-30,1.0699383179109745,0.5380014627273382,0.7362018096092228,0.8351382491431628,1.1337752574568125,1.3396762763994674,1.0403758062034187,0.6918576864040041,0.3835366866647076,0.6093679539777827,0.7665119426767982,0.5604893710421731,1.227694475111174,1.6565332251548839,0.8897230895550459,1.1222515726325788,0.5178368747129207,1.109598235716892,0.5279413927585629,0.5279413927585629,0.5449523060408118,0.49621846281634285,1.0,1.0
2008-12-31,1.094582486838184,0.5396017022510351,0.7815079159478442,0.886532050628638,1.1710549392038923,1.279187358320359,0.9699517024626051,0.6634365891570394,0.39881684602450124,0.6125424701173426,0.8318210046070724,0.6195331924062483,1.2488073801562138,1.6852568745677063,0.8740558532920363,1.1024886130652063,0.5266932332614221,1.1421186471339249,0.5434144448452916,0.5434144448452916,0.6149317456608103,0.5599398005775673,1.0,1.0
2009-01-31,1.0156613737007405,0.5252021725223894,0.7350160083047638,0.8337922569818031,0.9923593393910368,1.181058416993541,0.9416298708845585,0.6405763250191101,0.3761260321004249,0.5743151451292523,0.7658951488557645,0.5276505771782029,1.1308256164865294,1.5254264342700419,0.8123378125720239,1.0246427343721352,0.4940621302330648,1.0567329225668527,0.5027873307389863,0.5027873307389863,0.5579276413552199,0.5080334434538595,1.0,1.0
2009-02-28,1.1005774537316786,0.5648025940211505,0.8399264084254444,0.9528002486246618,1.091892031301513,1.1712891736143938,0.9555119584457102,0.6462343952927287,0.4254099443585168,0.5616805539701726,0.7634283521879257,0.5131443958632175,1.1369883858676484,1.5331278577007246,0.8276110345560183,1.0439065771835343,0.5378567597972811,1.1336460144444542,0.5393815896625382,0.5393815896625382,0.625815925402927,0.5698506329215732,1.0,1.0
2009-03-31,1.220122178448348,0.6404033927582605,0.9582907980953288,1.087071083276937,1.2010882249798134,1.2804569417891005,1.0926555306433252,0.7892816902423324,0.48736838718459824,0.7346750399876774,1.0136330945551364,0.5775541931711351,1.296738155216223,1.7491238405163712,0.948731926742988,1.196683523233002,0.6162583524781553,1.2962558583352644,0.6167521731672735,0.6167521731672735,0.7112295828245142,0.6476259415484673,1.0,1.0
2009-04-30,1.4036079096915774,0.7328047380232774,1.075932793267145,1.220522444162868,1.397836941461427,1.5495956098179575,1.2980666951835378,0.9180540611077612,0.5533962433284119,0.8330288529668248,1.2738425979152135,0.6881860886034342,1.5130069071539571,2.041865804695558,1.097994133305775,1.3849554873148815,0.7048988229605888,1.490721155725883,0.7092770976218183,0.7092770976218183,0.8361217855600421,0.7613493191214938,1.0,1.0
2009-05-31,1.5984141796097104,0.8164055907642626,1.1735331679101793,1.3312402147153233,1.4979582287100492,1.7238893706053582,1.4260993643009723,1.103635797655382,0.6182978374485927,1.1305531203500594,2.0570769112879455,0.8943303974427064,1.8000420036662637,2.4307041766436064,1.2587132890278545,1.5876786803466616,0.794861017790483,1.714125434808635,0.815548814780068,0.815548814780068,1.079696518220411,0.9831417183495065,1.0,1.0
2009-06-30,1.4805327659602245,0.7704057152322289,1.0805606210300258,1.2257746359236326,1.3918962136874797,1.6525276089716634,1.321743898639731,1.1057170073821305,0.5761968057471847,1.066280047536295,1.8170839665747582,0.8202082561945844,1.6825878581757707,2.2732851773976774,1.1865441423067575,1.498322276789676,0.7442316016873549,1.6018672819666706,0.7613066847533965,0.7613066847533965,0.9468713926824156,0.860850865808635,1.0,1.0
2009-07-31,1.6323831462923777,0.8800047269413941,1.227040288312209,1.4276004102439488,1.4792852027602905,1.7078290456702374,1.4189426761434492,1.1411619526186147,0.6528910558467609,1.1156520140865758,1.9627803225701044,0.8643711765001985,1.7890092947260896,2.4454300572613863,1.266463030822502,1.6234621524987627,0.8247475000821635,1.7920711177326525,0.8377136025342395,0.8377136025342395,1.128952261055196,1.012650347162958,1.0,1.0
2009-08-31,1.6134020110708964,0.8520031968402013,1.1910889824894457,1.40104866128089,1.4825491428879476,1.7193081989423176,1.4830725751157399,1.0413635914734833,0.6337409526982161,1.0426317024533223,1.6844094035166364,0.7818682741532804,1.7120337648770887,2.3530256249090162,1.2406966048704247,1.6015469405454865,0.8033064551859801,1.7444930540346635,0.8079153425677824,0.8079153425677824,1.0424930416580431,0.929555280701089,1.0,1.0
2009-09-30,1.7749105015603077,0.9116027180402823,1.2842064770359491,1.5110714972393935,1.5705266359112677,1.8690962027589977,1.6364332076825079,1.1650954325329501,0.6937199015609671,1.1500564176524142,1.9868351582250725,0.9123304673426305,1.8940037979210065,2.6052717802665795,1.3423153553133045,1.7339707331736092,0.8757479130066382,1.9203567959516028,0.8887804827499837,0.8887804827499837,1.177654796189313,1.049382609203467,1.0,1.0
2009-10-31,1.7522628328280752,0.9141514692300294,1.2332315493223398,1.4510914537500808,1.517284160154894,1.8672747220774355,1.6184647261736207,1.2066537105516086,0.6735251106573115,1.1232328492624828,1.8693747188421421,0.9033772849806365,1.8691859215299627,2.571941342671425,1.3228308187873925,1.7088796835713636,0.8542793764427644,1.8771431124321423,0.8687672727488074,0.8687672727488074,1.0926096400747471,0.9724467118535889,1.0,1.0
2009-11-30,1.7878843617082303,0.9442890147510905,1.2870515729070875,1.5144192013311166,1.5251839107481233,1.929116256764526,1.6878237884567493,1.2027841566636912,0.7055977239423814,1.2460779766647345,1.912753830993766,0.8877376667160212,1.899633551614999,2.613196017526849,1.3637564666926174,1.761748884416218,0.8894010680860293,1.9390651975269482,0.8974256529407325,0.8974256529407325,1.1854636928125848,1.0550941450912938,1.0,1.0
2009-12-31,1.9151022203866561,1.0220342459730516,1.3883319631174595,1.6335915568774069,1.5531932919372526,2.0141655690923788,1.787180074023502,1.3131515350877359,0.774324687856885,1.3102225391509164,1.9734711552964708,0.9460744625244564,2.008971701761212,2.7634143541305116,1.4376358592412095,1.857188899244882,0.9623943356398423,2.094016516598303,0.9691392234122101,0.9691392234122101,1.3565992273760363,1.2073972382203186,1.0,1.0
2010-01-31,1.7980558538506433,0.9761753957055681,1.313595455324889,1.5456522661574132,1.408546046963824,1.7837163056216,1.732667277343081,1.1982965420630896,0.7184673617745333,1.1992339764480553,1.9476353583632458,0.8621672513940549,1.8867372226272903,2.5954580147914865,1.3669582282051713,1.765885033289329,0.9011333771288822,1.9539578846792358,0.904317286072859,0.904317286072859,1.1588370973589455,1.0313524508386274,1.0,1.0
2010-02-28,1.7488649893434334,0.9565205555032691,1.2590745915862427,1.481499869581364,1.3997966834951603,1.8086342455787887,1.7752264637493858,1.1911425826996536,0.6890654636000144,1.1757144436907159,1.8455253878176747,0.8368779814032116,1.8701413196192866,2.5726281426936413,1.3659265642450276,1.764552293261864,0.8773730556790992,1.9016976742677856,0.8801314567464006,0.8801314567464006,1.1136400785192437,0.991148408061659,1.0,1.0
2010-03-31,1.8404645268449669,0.9958287240402709,1.3333665704785507,1.5689145330127199,1.5022019524560137,1.9688527249835195,1.8581121515369976,1.2494156974635917,0.7409100878367284,1.2771780555188608,1.92810373653954,0.8740532311284097,1.972814098807733,2.7138464966672182,1.4463512417293283,1.8684496073403003,0.9371283747421207,2.025466410073961,0.9374123676624224,0.9374123676624224,1.2128282150214367,1.0794503754755957,1.0,1.0
2010-04-30,1.8591250986626042,1.0194130291123369,1.3406988394565575,1.577542095465725,1.414257983122766,1.98943961783093,1.8990466555276653,1.28882764134386,0.7497840854242047,1.2659046437593062,1.943318346998546,0.859349131592409,1.9926232764365637,2.7446100319337052,1.475843956409949,1.9065474718395485,0.9507235050333901,2.0469973252295226,0.9473771570331712,0.9473771570331712,1.2179937038238484,1.084042381957577,1.0,1.0
2010-05-31,1.6996749042827515,0.9552081539503997,1.2442463434575648,1.464050632526273,1.3558573705150105,1.870917589331754,1.690134311436746,1.16665654024548,0.6897769462203361,1.1485014434965595,1.830106203740046,0.8012830688686237,1.8382003089244763,2.5319734032978447,1.3560458477883792,1.7518633624435442,0.8744239082764101,1.886033600876865,0.8727789173021803,0.8727789173021803,1.0890426417723895,0.9692545578420586,1.0,1.0
2010-06-30,1.6810170547956045,0.9565186424640711,1.2009633182996757,1.4160736406103298,1.3645081035627062,1.9959796850363953,1.7082543480505579,1.2052234675526405,0.6720006306447357,1.1240103953941059,1.8184563829915263,0.8277269082118227,1.8732164873659536,2.58326731787588,1.3747198982457056,1.7777224099225517,0.8643426527220188,1.8757095227952172,0.8674989305129333,0.8674989305129333,1.064813855162576,0.9468013267918269,1.0,1.0
2010-07-31,1.828595160162666,1.0438710849632813,1.2670470048753881,1.5470981268608153,1.5011582848155716,2.185642859174369,1.7730956965482456,1.313281543525021,0.7140530640545295,1.2164685134442768,1.8877412338730402,0.8909098812543573,1.9779441555177082,2.7939350099835174,1.4408165478564858,1.9183395612016048,0.9129985377286557,2.034430648210983,0.9185425958069781,0.9185425958069781,1.1486289342323925,1.0034108035977138,1.0,1.0
2010-08-31,1.8082363898104996,1.0438721288348882,1.1899318064771147,1.4602592668660281,1.4648897739297628,2.185754329802664,1.8634171880171657,1.354319345393843,0.6794191751504824,1.2331846874138475,2.0420026142875423,0.8884561370704673,2.0143790819586833,2.871044784679436,1.479335499312221,1.982447118455786,0.8938806623706455,2.017243549356229,0.9014578435450995,0.9014578435450995,1.1004795066970043,0.9582792986747481,1.0,1.0
2010-09-30,1.9575075385763934,1.1050217300721243,1.3016022427593577,1.5977765395696937,1.5887110069586894,2.3644891632806435,2.0023370032134005,1.5197076791282071,0.7372273161151364,1.3503286401871724,2.1567921455184194,0.943746204640471,2.1708982022511596,3.0972449793193535,1.603088370010989,2.149856294202776,0.9694319476568166,2.183427740570096,0.9750183379571321,0.9750183379571321,1.1963473024042126,1.0409263106004756,1.0,1.0
2010-10-31,1.974331776321929,1.1486967053387402,1.300188169809362,1.5960407000708667,1.6292552360426114,2.3704765242012806,2.1547592491864616,1.5964190065443302,0.7319222401257268,1.4110385591063273,2.1864648154075064,0.9319435824320366,2.2178294669134435,3.1640251541992805,1.6583928985151695,2.2241459517012268,0.9778930214018359,2.1965391322399648,0.9808546456174698,0.9808546456174698,1.1601276010804074,1.0083375655040638,1.0,1.0
2010-11-30,2.0131124359180728,1.1683529243230373,1.3418738062002185,1.6472100862788481,1.5766983361703877,2.440016984154642,2.191151051402831,1.6029232604121686,0.7419911226276549,1.3597882648267579,2.382120363278233,0.9134441897453154,2.2313415577731086,3.1839959627474372,1.6839849858258247,2.2584754364334474,0.9922075200265874,2.2191783172382746,0.9909610987138265,0.9909610987138265,1.158097995089525,1.0065453276432883,1.0,1.0
2010-12-31,2.1647069622845616,1.2150886049277367,1.4206165961405595,1.7438703811680931,1.6523689739358052,2.4985735774057534,2.3130939484522917,1.7309804810181115,0.7785438212140299,1.4171290085483284,2.4993082660314463,1.0831202543114953,2.448731168507552,3.4961347461513523,1.7966143911596573,2.4095282946878958,1.0477374188789417,2.3782501828768976,1.061978842176191,1.061978842176191,1.205878081607153,1.0480371146351914,1.0,1.0
2011-01-31,2.221114284690042,1.2286278775602615,1.4650890124869322,1.7984622603958238,1.64296740475575,2.3505797503343446,2.4395778206233967,1.7189815614160662,0.801051531520479,1.363546464367341,2.378694957246204,1.1195681157472155,2.4679948022909994,3.5252557964492435,1.7929494477536225,2.4046154626889336,1.065526453969403,2.4240652835451644,1.0824370210138,1.0824370210138,1.244311045949675,1.0814654288790893,1.0,1.0
2011-02-28,2.0977178170529625,1.1836394837271738,1.3699524072458413,1.6816778243308486,1.5334130460039463,2.2205501933043705,2.4079818739768695,1.5951838562980727,0.7546614808620578,1.2550193615567462,2.1363035020948944,1.0031028037614034,2.319261926654943,3.3117044618223765,1.715919348066516,2.3013064881764858,1.009589689204913,2.279422223256542,1.0178484126326928,1.0178484126326928,1.1926574874402909,1.0365584054211554,1.0,1.0
2011-03-31,2.0994827397830873,1.1487001514340254,1.3501679606396129,1.6573915316477033,1.71716899216717,2.352898564955921,2.5367253069465385,1.60695486521796,0.7444459712563773,1.274326750085507,2.0331656258105477,1.0427224153573895,2.4070983067736185,3.4369106464902317,1.779874755945298,2.3870755560553416,1.0149709587343163,2.301594169467214,1.027749026931025,1.027749026931025,1.1445081712893705,0.9947309305020895,1.0,1.0
2011-04-30,2.1858614343888636,1.1792751852962886,1.3892110554534838,1.7053152653396968,1.9972595181571964,2.4668129158651007,2.6798075975857913,1.617133277670192,0.7648442963916846,1.3132670975074952,2.164196151719481,1.076560244970019,2.527960876255248,3.609484628626575,1.8810234179959346,2.5227308868039042,1.0536949637229172,2.387627034202064,1.0661648955094825,1.0661648955094825,1.133131455967509,0.9848755411065121,1.0,1.0
2011-05-31,2.1858592485285224,1.2102875790423786,1.414692226976606,1.736596216570243,2.0284683482137784,2.4813009518669777,2.559945578840292,1.6120924603874385,0.770315583036383,1.281194697440801,2.265689210850037,1.0604316052341172,2.499950670801292,3.5695266644060224,1.862830304042019,2.498573577405752,1.0535242789646326,2.382908975626621,1.0639123396729595,1.0639123396729595,1.1726099606367466,1.0191439395940303,1.0,1.0
2011-06-30,2.074800490700407,1.2142201270930384,1.2846264812208816,1.5998709984075437,2.0719516724125335,2.5061081200087885,2.463711616343341,1.57872885328653,0.7235113828503605,1.2427081622918985,2.300365446279009,1.053589599494844,2.4672002358967164,3.528055961069868,1.833973638577401,2.4632213865111745,1.0092535518083905,2.305756910034846,1.0241141551063782,1.0241141551063782,1.1306718346600886,0.9816838180690398,1.0,1.0
2011-07-31,2.111819715032638,1.2316934363309269,1.2207189640958083,1.556168950695034,2.1639775789462674,2.8521554309568127,2.5837245966591214,1.6431152784763963,0.6994345892296785,1.2954485424405344,2.3974723623176453,1.082133981075487,2.548984386418568,3.7394180585446573,1.8988700524008741,2.6342144075781646,1.003900587567438,2.3594322073850518,1.023119199774241,1.023119199774241,1.1384810936320784,0.9687497077422936,1.0,1.0
2011-08-31,1.923199105022257,1.1107061675221495,1.1291972702783846,1.45049517770571,1.859599236012706,2.677862763330203,2.2415755743131616,1.4326902921763327,0.6330410557097866,1.1017204462391377,1.9447588795450665,0.9834809607582878,2.257527075919794,3.342697113057007,1.665699241272282,2.3320670028479524,0.896896327971718,2.13224411453525,0.9162619349498248,0.9162619349498248,0.9681453964893822,0.8120226866391302,1.0,1.0
2011-09-30,1.8209548384025198,1.0482467430202584,1.1153140227345835,1.4333896156599661,1.624264340926325,2.3839433825721144,2.026141002701954,1.2351741842335795,0.6085659446214781,1.0553294573219878,1.7735691763059596,0.861451949466762,2.03936401113182,3.023239685646216,1.5221213699720806,2.1344692053298457,0.8455880301314381,1.9925296253433897,0.8551905238133187,0.8551905238133187,0.8884508063496372,0.7443819516557313,1.0,1.0
2011-10-31,1.9091612318927915,1.0997006429565614,1.1428486941746319,1.4687768799714156,1.8017204248364524,2.576891944351316,2.171660321264213,1.334484399969753,0.6278261387298691,1.0919367997925442,1.8767076657438277,0.9205168253372075,2.182275195021875,3.235990294615505,1.6296218597143377,2.285909555347443,0.8855821974826131,2.0928672170422855,0.8980729301518974,0.8980729301518974,0.9106496801229375,0.761796362366174,1.0,1.0
2011-11-30,1.7584768355518252,1.029353566628601,1.0768940303800254,1.3840140377126495,1.5358961165747649,2.4914852036749155,1.889480644425043,1.2040212545361024,0.5823998730948563,0.9916391479717572,1.6042991587455804,0.7860923498554302,1.946574186288593,2.885666800661081,1.4757524569211653,2.070073264232538,0.8136768353318855,1.904340967679638,0.8171660182933531,0.8171660182933531,0.8162578347246592,0.6827892719729114,1.0,1.0
2011-12-31,1.8217489478153355,1.0595009549000038,1.0974803922761658,1.4104700251342974,1.6163329947840994,2.553244746754626,1.952241110331466,1.254489855119886,0.595887731277782,0.9802359215640534,1.5657845370314856,0.8167893915780478,1.9959657132275,2.9585787470442466,1.5063673139439009,2.113017456338634,0.83173865840382,1.9506682379492584,0.8370453737381678,0.8370453737381678,0.8190247301840702,0.6851407413496465,1.0,1.0
2012-01-31,1.9000154163349918,1.1379814101205294,1.1761095501179586,1.5115218636468326,1.7131897777788425,2.6015645134519105,2.0908067577762797,1.3336065980630718,0.643110962273983,1.0369938513886847,1.7345066129193178,0.8419227624536777,2.0899852321608297,3.0981185255677532,1.5857730228279658,2.224401743193402,0.8879933719838263,2.0734108399566225,0.8897150820832737,0.8897150820832737,0.9330327284737857,0.780498079212664,1.0,1.0
2012-02-29,2.04813986847692,1.2245984569293935,1.2647936672721332,1.6254992510318294,1.7998620084658066,2.7391016454065076,2.2798735935409304,1.4239418834885103,0.6956469521513328,1.1659940674906937,1.9577796510356342,0.9048663732966183,2.25750675826754,3.3459611780439587,1.7158232592735356,2.406826320032494,0.9601113611979643,2.2401100631619424,0.961246883788546,0.961246883788546,1.0217052039244612,0.8546895289721891,1.0,1.0
2012-03-31,2.007915260514491,1.1738723680077585,1.2492782692955586,1.605559028019188,1.6892945233885777,2.5793514722745083,2.148820313160459,1.340988461683955,0.692724434698595,1.1103374742809968,1.9224857304934526,0.8565333709332666,2.158636991362049,3.198800833365567,1.6461809016286293,2.3091396285918266,0.9419095764904376,2.1881359128043987,0.9389434736891332,0.9389434736891332,0.9795206104616299,0.8193573217360411,1.0,1.0
2012-04-30,1.9036764686437433,1.140851598777538,1.206003499449255,1.549942758113714,1.6285759782442752,2.666471332456561,2.0380694260590135,1.2732529453074908,0.6499362485866403,1.0358921126025675,1.807901897019923,0.8185465593811072,2.0588570526163372,3.048757101925079,1.569074570456858,2.200978424705688,0.8894233033906715,2.069177116539102,0.8878974738782431,0.8878974738782431,0.9164901125785633,0.7666667937286481,1.0,1.0
2012-05-31,1.8341827234898116,1.1097447123512518,1.1736282279466597,1.508332898203695,1.5955715330759732,2.6402827138389173,1.9163052823029623,1.2280849440355281,0.6403752156288807,0.9913149349820832,1.7493774818617993,0.7868827697865216,1.9786088564174595,2.929919651626804,1.5077628561129168,2.115979868480118,0.8671450631431361,2.0143931826616104,0.8641991837499212,0.8641991837499212,0.9322325297271074,0.7798255797572893,1.0,1.0
2012-06-30,1.8360104795538303,1.1197931715558318,1.1295891697217921,1.4527568105470752,1.6184550154143957,2.70507597829973,1.9408460766767421,1.239206183474077,0.6337777107394456,0.9825028838762756,1.7751448052102152,0.7961481439215082,1.9982803785785979,2.961852745325788,1.5217865401033228,2.1373740583013805,0.8650542995277013,2.014957291724339,0.8635815021810155,0.8635815021810155,0.9141532975347962,0.7641470763740289,1.0,1.0
2012-07-31,1.8689279916703607,1.1508997180383869,1.0831484158042055,1.4402100917578045,1.6701960253680048,2.875670889798113,2.016803838192728,1.2770580064240382,0.6095666403148928,0.9631953809157211,1.704215691644191,0.8374723757550332,2.0650243126002854,3.12746883975018,1.563289101333926,2.2548737845196425,0.8553684219430359,2.058737642370217,0.8605289677835055,0.8605289677835055,0.8891867482551977,0.7289829029441557,1.0,1.0
2012-08-31,1.9292744507834452,1.1824836326767516,1.119198719222798,1.5002113527263465,1.6102605528967384,2.8938013967772793,1.997339410135752,1.2886665479572386,0.6335419892779607,0.9974702053375555,1.8739659238382034,0.8265325331027298,2.053063360588167,3.139683504202335,1.5580966808747654,2.265553273575544,0.8741126687689832,2.1155165196274717,0.8755097419670304,0.8755097419670304,0.9289726322194765,0.7519405605335138,1.0,1.0
2012-09-30,2.017043852130018,1.1963580695783864,1.1791383973086509,1.5805580802166173,1.7305893236318501,3.1124680603399346,2.072001399849399,1.3599147310159736,0.6596881866951322,1.077099736784164,1.9509257431516382,0.8643841421650882,2.1439909025801573,3.278273788938894,1.6263105775672297,2.3667956644514434,0.9113547958199255,2.2075029724096296,0.9131601527723433,0.9131601527723433,0.9639006980491285,0.7797132929586478,1.0,1.0
2012-10-31,1.9101848166092839,1.072934051531831,1.1154355985888251,1.4951716256207737,1.7029720681670861,2.9565823802395887,1.8683412404057471,1.2505231703095685,0.6147737285082494,0.9865857833764834,1.7634268679476146,0.7958042822028131,1.9827980426516276,3.032844627313161,1.5063266425754902,2.192218401843601,0.8475529193211998,2.05047607931415,0.8481676179890498,0.8481676179890498,0.8366102232927451,0.6760690927175601,1.0,1.0
2012-11-30,2.029570105626924,1.1347076038603163,1.2147909446843983,1.6283479935666214,1.7281733782774815,3.025792377025133,1.8862844600275457,1.3589060485530322,0.6593300732463572,1.050276013893678,1.8601925427963963,0.851998936834867,2.0661273300626655,3.1615423690738917,1.5551064501869367,2.263209638977511,0.8949951318462566,2.1689734692910245,0.8971824835397277,0.8971824835397277,0.8877722891601564,0.7173926207783009,1.0,1.0
2012-12-31,2.039045895159774,1.1534425587086279,1.2160185033513036,1.629995085852974,1.7828852874654482,3.100963904203196,1.9741442237120692,1.3773770470207045,0.6605047259074567,1.1022394787918872,1.9481164837132967,0.8753442862618552,2.1316642230049188,3.262226703180811,1.6067748963514996,2.338407167639825,0.9075877711493717,2.203118815796054,0.9113064952957225,0.9113064952957225,0.9014235887978892,0.7284793497558842,1.0,1.0
2013-01-31,2.0693674895908494,1.203062031897234,1.2516629159930543,1.6777724651285941,1.7925801382075741,3.0799920012951,2.039720931063352,1.4124969150490458,0.6684277273182766,1.109172231792365,2.0550249726181886,0.9138196924678244,2.193290658787558,3.3585152955681497,1.6448595489587203,2.393833366316453,0.9221171525446262,2.2461867484770695,0.9291222088538598,0.9291222088538598,0.9384422117230398,0.7583244125535777,1.0,1.0
2013-02-28,2.0921076441133253,1.1939474472818918,1.2737343258960163,1.7073577498954409,1.7449187622741407,3.235825263318815,1.9867060181368859,1.3928555606357826,0.6730457314577701,1.1461689118836953,2.085177534360109,0.9564029107102452,2.205186310748814,3.376420079080257,1.6298728408057817,2.372022578854106,0.9221669482153347,2.2599100237688567,0.9347987626223564,0.9347987626223564,0.9623009879167234,0.7776420116248481,1.0,1.0
2013-03-31,2.0883222658644227,1.1747084627481865,1.2583306983447204,1.6867101922835288,1.7270625199744671,3.3004274817265506,1.9347323567693235,1.3675557194932353,0.6783058408868671,1.1380053079810686,2.1056685128139834,0.9810478930169003,2.1970246210327242,3.3641421585432387,1.6059347727921685,2.3371868376321587,0.9212397147420666,2.2658115613708563,0.9372408368946842,0.9372408368946842,1.0003650666206054,0.8083824526175865,1.0,1.0
2013-04-30,2.1375899439833113,1.2131921180686709,1.3326893922785736,1.7863831694334211,1.789512076975505,3.405650622809125,1.9971636520011313,1.4409822512872543,0.6985657321418149,1.1091733409651512,2.169333548772699,0.9621845565414255,2.228384759657891,3.412533577421138,1.6497272974822288,2.401200930715983,0.9477069016560551,2.3159987037102683,0.9579592868339433,0.9579592868339433,1.015123215797121,0.8203091480148159,1.0,1.0
2013-05-31,2.15843408902142,1.222309375320095,1.3457897292003265,1.8039415123087996,1.7889896157320822,3.475495295710954,2.0069858109330556,1.5160344329652402,0.7142401704671815,1.1520005042608086,2.263288852701109,0.9794256015704207,2.2669696869546017,3.4715840904297983,1.6779234714456381,2.4423361016960032,0.9668663539086491,2.3622770368604793,0.9770318770397715,0.9770318770397715,1.0720042208489995,0.8662800840664722,1.0,1.0
2013-06-30,2.088320177543201,1.1853475230630999,1.3025188933614136,1.7468986225191512,1.7143311422030083,3.4181244697842526,2.039521048206528,1.5166197352124313,0.6928581434169682,1.1047024249339483,2.1430863292976574,0.9650860602629094,2.2276005062591873,3.4166959923284677,1.6470783147428778,2.4011048845996896,0.9430216858061509,2.3095622398116062,0.9542372010710584,0.9542372010710584,1.010572498031466,0.815942004059796,1.0,1.0
2013-07-31,2.145166131578106,1.2304131410260986,1.2386709620189742,1.6960804985312905,1.7368237255761279,3.6031267133753917,2.145601644505884,1.558632758333023,0.6730450584123752,1.1643104227894239,2.2816548703155255,1.0104037465154385,2.3264976914092244,3.616388948728568,1.7185621810815621,2.539634060545769,0.9422854733979034,2.36662526129819,0.9596496586815851,0.9596496586815851,1.0250844505736536,0.8158302276620979,1.0,1.0
2013-08-31,2.1167396416240205,1.197499939762239,1.2287998975042351,1.694527600130684,1.7917969518258656,3.4170205938660696,2.0779171046705893,1.5724532823598436,0.6724637986222952,1.141827444008882,2.1787907041099714,0.9874326372269703,2.2810845278937175,3.576032694404363,1.6871083028641087,2.5124088647726013,0.9341707888766845,2.360000899071627,0.9494646305777239,0.9494646305777239,1.0293885652448396,0.8096145571023297,1.0,1.0
2013-09-30,2.166012674215402,1.224844625958395,1.2340938795246108,1.701829757197536,1.9012223092723186,3.4572829292093656,2.1458033405400325,1.6156058085656178,0.6791467826795876,1.1652177739761793,2.16378282972801,1.0083234488769635,2.346275084083865,3.680714901406281,1.740053743815981,2.5924645837843068,0.951533866624696,2.4072258863647074,0.9674524524890514,0.9674524524890514,1.0722486656770045,0.8426504980569471,1.0,1.0
2013-10-31,2.2459104844975895,1.2222751511367271,1.2937836663597233,1.7850331741198553,1.949568371254618,3.5423310530545824,2.2525434500170114,1.7971552534870936,0.6963659267393457,1.2159504082217971,2.1913329244877273,1.0623346646852625,2.4486111836199487,3.8391730813059284,1.8094392669220352,2.6960830568163936,0.9806192687488755,2.4890198538727857,1.0001420100824774,1.0001420100824774,1.1071764103795598,0.869863479292711,1.0,1.0
2013-11-30,2.232330261064812,1.1965614677385685,1.2740617176858147,1.7578245616501265,2.0286326608045533,3.364340648785999,2.1992997186754293,1.8550710551706542,0.6907681774487962,1.2283256722751557,2.2313549458626216,1.0636134223053684,2.4450534900289873,3.8352476154618746,1.8049664421403075,2.6894884278294406,0.9745592124524982,2.4763606437222343,0.9950254144389908,0.9950254144389908,1.09026632362786,0.8565933303677876,1.0,1.0
2013-12-31,2.276941283572256,1.210208912906418,1.290571314772589,1.780602873610392,2.0424416920487816,3.4252175912904335,2.2453603038287726,1.80655370514284,0.7107844924334936,1.2428386534996076,2.14712985685581,1.095755412671255,2.4955995476613246,3.914646376203129,1.835694712908058,2.7353981468620088,0.9973285746244159,2.5366974031216336,1.0192509553259155,1.0192509553259155,1.0980138973780507,0.8626967846364803,1.0,1.0
2014-01-31,2.234266530652732,1.2107342575661646,1.2821072328894485,1.7689249691419748,1.9443446900164734,3.2338132058197817,2.1700126564482702,1.7023659180119486,0.7123941067428435,1.2421254688160845,2.056737521598003,1.0666287781261834,2.407534030998997,3.77780819928715,1.7647728760846617,2.629716379815113,0.9816298269438154,2.492823490527148,1.0016223145306888,1.0016223145306888,1.0775371280617196,0.8466262034334803,1.0,1.0
2014-02-28,2.2614133637398015,1.215458048016139,1.3326813961662083,1.8387022061146623,2.0417555469190902,3.2836512853334545,2.172779014368413,1.7896445057690071,0.7386212546757467,1.2410241920137106,2.055366135079344,1.05426516692435,2.4256026282216983,3.804543460442502,1.7910821674510533,2.6689202770333345,1.0074657306328454,2.544965260980767,1.0225729999698887,1.0225729999698887,1.1734662784259768,0.9219382791683112,1.0,1.0
2014-03-31,2.3312346035200555,1.241175606201214,1.4169802178140813,1.9550113518629793,2.010384505409848,3.407197139224542,2.161663361264051,1.8009926767998212,0.7728278182742545,1.1879593462183509,2.1089559192042713,1.0358910767109728,2.4284810995348542,3.808269932300617,1.8057571906032366,2.69078507371821,1.0386491763523755,2.6067389612515615,1.0473927699659857,1.0473927699659857,1.1822601643885942,0.9288815973622997,1.0,1.0
2014-04-30,2.3661448851299762,1.2495718841872414,1.4330442103855998,1.977174884874053,2.020112090055341,3.32866059714709,2.145726093010237,1.6972919324376814,0.7805956475704612,1.1315258142319793,1.995538622265234,1.0016173064316363,2.3679106877767793,3.7124461538122593,1.7661305083690797,2.6317367777283027,1.036077553887223,2.5896973095962763,1.0405464418273749,1.0405464418273749,1.1906840810725408,0.9354888987380751,1.0,1.0
2014-05-31,2.447602563602288,1.305724422783034,1.492429009008607,2.0591103076086723,1.9441152708790466,3.3891765964951164,2.1396344570913133,1.6924463049279987,0.8168800602325303,1.1819989137615217,2.046045692744992,1.0634794154567666,2.406604902196427,3.7724362013026234,1.765779083365862,2.6317051970764544,1.0650864824042954,2.6737714397789967,1.0742158999005489,1.0742158999005489,1.2780647247280188,1.004137536064927,1.0,1.0
2014-06-30,2.5581516858224864,1.3209431644841094,1.5602264952728961,2.154791570817611,1.9666409777554348,3.5134940563923482,2.1973959495700575,1.7775144285677382,0.8558954912116212,1.2102476402112645,1.976350574827651,1.079337039136433,2.4562480432649934,3.8652254054903055,1.8061093475895946,2.6937196284903684,1.1055677456615263,2.775178307252755,1.11175516919518,1.11175516919518,1.3195727368543615,1.03555032460353,1.0,1.0
2014-07-31,2.589182011105566,1.3356405640068987,1.5030494333243392,2.1129265985414682,1.989035802577144,3.6846701127787136,2.161231071822183,1.7843103820596093,0.8275828962591973,1.2182824025411014,2.0234318388751125,1.153053914056645,2.5061106261181605,4.008078702732194,1.809531550677864,2.7546682006053542,1.0838451041968815,2.800390859170735,1.1026154065461946,1.1026154065461946,1.2203845329188094,0.9401366894323371,1.0,1.0
2014-08-31,2.6842141404523185,1.3917960007678027,1.5432784233898207,2.185417749553218,2.0294828359886936,3.6612147820205445,2.1068206285654227,1.6633422802688513,0.8525580315004314,1.1973550510354725,2.0256244026155765,1.1617993882238213,2.4865246185290615,4.015131102334522,1.7840017230632856,2.739893360179303,1.098799258047657,2.8621983974700145,1.116868737775875,1.116868737775875,1.188162504636104,0.9119154514032756,1.0,1.0
2014-09-30,2.532935736022733,1.2899829484107783,1.4455458484105475,2.048494227325324,1.9430735043122365,3.490950329976317,2.000967872999116,1.6508230801673482,0.8004325579507198,1.1722805035286992,1.930640860746651,1.1200697946307492,2.3942666893703093,3.8684774273398355,1.7169200207141726,2.63896818039342,1.0417104232937366,2.722030202855477,1.0613163740902116,1.0613163740902116,1.1680538642557323,0.8964049634301705,1.0,1.0
2014-10-31,2.595201077166642,1.283681343983871,1.5085048579556102,2.1377117900827,1.939873956328807,3.380900181756754,1.954577387514691,1.6631144179853774,0.8059528797766808,1.131915126069872,1.8053671891717378,1.1494458998014754,2.3737215551815076,3.835673351575108,1.6773698480529449,2.5783972887646005,1.038283636181144,2.7246691284750195,1.0622443700763398,1.0622443700763398,1.0914335329397624,0.8373877953164659,1.0,1.0
2014-11-30,2.6826309212050563,1.2858744593294649,1.598458935833324,2.2651862836722096,1.9324970983931602,3.3374365089171683,1.9586373463443483,1.6522202674200452,0.8361719543722252,1.1024345924466825,1.9224857304934526,1.1425927247367837,2.3922372118378146,3.865604216141462,1.7005300558121859,2.614024531977006,1.0680280454736404,2.789155885344395,1.0873831174525999,1.0873831174525999,1.1100044229989028,0.8516105138868331,1.0,1.0
2014-12-31,2.6568016177780853,1.3236790251633361,1.6232949445084155,2.3003815488934913,1.9000477168716237,3.3308415840334513,2.0069075400127225,1.7236945821122371,0.8476758234048325,1.1439658029676265,2.003967569084293,1.1260376881688097,2.4228511310087146,3.91537848352538,1.742115187582548,2.6779511342595037,1.0867482711051837,2.825620538153087,1.1015992636552157,1.1015992636552157,1.185825314383379,0.9097877030864067,1.0,1.0
2015-01-31,2.7025073763994265,1.3505271530876206,1.6412103698139915,2.3257696115822513,1.8536598831167381,3.341437153762635,2.0255089453151913,1.7356934212847441,0.8580087340504562,1.1068398799060282,1.9413313488524064,1.114224893060851,2.4173623312952466,3.9064928415224203,1.7440360567237685,2.680903863064212,1.0959055414463772,2.8422130736509095,1.108068046225193,1.108068046225193,1.1683611028221321,0.8964049634301705,1.0,1.0
2015-02-28,2.793918246423746,1.3773729148957614,1.703695985117513,2.4143183728543485,1.8713535639191343,3.4665019433190314,2.0661149333358764,1.8102573183363764,0.8829673988097786,1.0759338692004763,1.9959497455656665,1.1604060651190145,2.479388606137097,4.006423708007899,1.7776388589327496,2.7325575441360757,1.1240643491879652,2.9212044087840625,1.1388636875517175,1.1388636875517175,1.1813359983360645,0.9063715116325312,1.0,1.0
2015-03-31,2.744242278829432,1.3614849784740888,1.6346096015053155,2.3164133045839037,1.903769751076108,3.5222465131459404,2.0608612954345418,1.8763999109232306,0.8706911129389414,1.0899937911149367,2.0659186617402585,1.1695253701894441,2.501053392179308,4.0415124874792845,1.7938192391431453,2.7574270040249114,1.1178732542336287,2.910378088316164,1.1346429273701937,1.1346429273701937,1.220753144705329,0.9366084127969254,1.0,1.0
2015-04-30,2.8396278362153216,1.3718950058129498,1.6287127843722253,2.3080545879709082,1.8949889360096297,3.4075038007666354,2.1749876796589867,2.0032542836020477,0.8683981251073196,1.1604872963866342,2.205788408794294,1.284473619765053,2.6422742377153012,4.2697231966552165,1.8641179646176051,2.865488953491125,1.1320668128595532,2.9812986673522093,1.1622932579036898,1.1622932579036898,1.2513150020646848,0.9600134348334516,1.0,1.0
2015-05-31,2.825716610884609,1.354361329944307,1.627285029422387,2.3060336174661638,1.8092637598253747,3.56722862928088,2.0751241848244426,2.003514723587148,0.8721176015531983,1.0810523879810918,2.0253469110810225,1.2688855556596466,2.558034013551422,4.133448307968484,1.7886604719249468,2.7498352478195187,1.1183562798054691,2.9453303971621536,1.1482109093854695,1.1482109093854695,1.2742515670251742,0.9776515116532315,1.0,1.0
2015-06-30,2.758155060853245,1.2984782475535155,1.5379325277537017,2.2166875787994114,1.657759513412193,3.5923119771670335,2.0139118002184477,2.035285288545139,0.8298502634072193,1.0263676336850087,1.8906165636018646,1.2409435280628365,2.483152692990631,4.025539744932283,1.7304768389816052,2.6627621865262707,1.0715294281535097,2.8525262352645933,1.1034647473634853,1.1034647473634853,1.1967708843188392,0.9145464679783232,1.0,1.0
2015-07-31,2.6289906782457053,1.2025977395671061,1.4114068882351145,2.0666273933817627,1.5191181469253476,3.6305058820023106,1.875625117765819,1.8873599486549015,0.7582819475755055,0.9532176665414099,1.7299819933719527,1.192089917568615,2.3491416356351227,3.8826115223736344,1.6256341730688522,2.55735878170637,0.9901211199034685,2.69920962857759,1.025622761204381,1.025622761204381,1.0512174829172638,0.7904641297677882,1.0,1.0
2015-08-31,2.4759793135462767,1.1384947554871727,1.3035991292199083,1.9254409375935255,1.5009346288939136,3.6756243154807637,1.7662205833218985,1.8656695561367351,0.718343796015268,0.9020972037825944,1.4866986639967235,1.1100954470935254,2.2082978165430562,3.688423016857593,1.5348351789543746,2.4351053001151173,0.9362759758214368,2.570809937408059,0.9675772619054568,0.9675772619054568,0.9399157832678117,0.7017696940059892,1.0,1.0
2015-09-30,2.479956451143673,1.1527380205635784,1.3077498649505173,1.9325801975550108,1.4283658091724272,3.622860836312208,1.753100614676077,1.9574037934261204,0.7239456199381701,0.9567166623174089,1.5951822611150144,1.0589755727319219,2.198508113274227,3.678819821257079,1.5573614327735945,2.476452270761141,0.9448548133106773,2.5816894236404337,0.9683254882811466,0.9683254882811466,1.0070044169771069,0.7495884173137078,1.0,1.0
2015-10-31,2.5895730071086978,1.2408206807346014,1.3795260525515614,2.038648319975059,1.5215993718699716,3.618830835312969,1.9441483211195782,1.933372717891576,0.7556363779945462,1.0102996802890503,1.6718670567698224,1.098813542530861,2.306810881756926,3.8602193180101674,1.6418604178214482,2.6113700317669677,0.9892106273639456,2.6996550349113173,1.0124822611568536,1.0124822611568536,1.0798736029699518,0.8035105209408511,1.0,1.0
2015-11-30,2.50762728178904,1.2150412173962073,1.3749481206907535,2.031885134863287,1.2876682182852872,3.553457239979692,1.878900940920776,1.770098155264742,0.7452668029118756,0.9652694440352663,1.5744846305004614,1.0646956673841959,2.2057464992126676,3.6923532798641143,1.5609318770530323,2.4827653513839554,0.962808254190278,2.6259611988241933,0.9848213744413483,0.9848213744413483,1.0819640993765207,0.8050780900460437,1.0,1.0
2015-12-31,2.489191602167949,1.2517029698472242,1.41245877814719,2.087318024393978,1.2657312267024503,3.64722644259823,1.9059279445898327,1.791951052989979,0.7493560809183428,0.9718779968924999,1.5618749646905685,1.0316897582368056,2.2007649401526597,3.683708539370064,1.5769900523454934,2.508306940872052,0.9701825784409427,2.6314657227997644,0.9868867379336502,0.9868867379336502,1.0985059178084233,0.8173964916057214,1.0,1.0
2016-01-31,2.440016984154639,1.2345172463285436,1.3959413631726172,2.0629066841847004,1.2264600354964459,3.6345052702376135,1.8633184295233243,1.7617735490732533,0.740852299103667,0.9263936747137737,1.4458537824700723,0.9564756000936208,2.1222206141803235,3.5513293564576793,1.54523036068147,2.457791051490035,0.9555444464045896,2.5706017102364433,0.9640607188463634,0.9640607188463634,1.0672678801562299,0.7941594652927845,1.0,1.0
2016-02-29,2.509674340737443,1.2883676119960243,1.4614367102810761,2.15969498267452,1.3056565268783575,3.7693666876962912,1.9640192277871342,1.762034310854412,0.7670433195538948,0.9451184645812334,1.4982114050434998,0.9601881731792985,2.1866790994591625,3.658923578788431,1.6081444519110122,2.557860073152541,0.990902633733736,2.6545336777447344,0.9955379845028894,0.9955379845028894,1.09536977464227,0.8150449613192893,1.0,1.0
2016-03-31,2.648983548993049,1.2849271189907343,1.547156917706655,2.2863736420903895,1.3741453854097863,3.7302639678040586,2.0453051582490476,1.7696769220325321,0.80005084266691,1.007383121829941,1.68468229994402,0.9976647309932313,2.2626258062083204,3.7851215500752384,1.6613690643175218,2.6425173381276186,1.0302824624147198,2.759838048699473,1.0350306088001602,1.0350306088001602,1.1203352826311623,0.8336346851362417,1.0,1.0
2016-04-30,2.52401528367656,1.2373784643358117,1.4350002163813929,2.120629545445046,1.3840361821144072,3.7869994360412997,2.015029831492549,1.6319294068504138,0.7528765566597008,1.0030416163566087,1.6631643121663262,0.9723436379651451,2.2180734415731647,3.710349214176585,1.6321970652205229,2.596117344858615,0.984570277007149,2.644034578486029,0.9916014664000886,0.9916014664000886,1.0708331603367651,0.7967908947887452,1.0,1.0
2016-05-31,2.5875254647698287,1.2574300560331297,1.489660140029417,2.2014054559407716,1.2669076373702046,3.989632015671955,1.9971376890424148,1.5852656566435805,0.7795183889994184,0.9912495103554109,1.6422627229041755,0.9902082543958817,2.217221864884789,3.708160753799515,1.6201860689091185,2.577371290830804,1.0031690107312574,2.693972850036672,1.010265330683867,1.010265330683867,1.097213736940778,0.8164447791731333,1.0,1.0
2016-06-30,2.681764571340542,1.2946637384434438,1.5481799264964164,2.347662142493947,1.3539388351219834,4.108347994930351,1.9776989056482306,1.5515446762311047,0.8034325842003132,1.0242288623152338,1.6994165733309516,0.974776563390604,2.2108741935330367,3.7192573081280664,1.6234134493647387,2.585751031001367,1.0231539864184027,2.765302410832348,1.0257694357462128,1.0257694357462128,1.1030554378738187,0.8149333078080288,1.0,1.0
2016-07-31,2.8433587163510876,1.3960586271721425,1.632125250129597,2.4931326198055923,1.4048647011010134,4.18106082406494,1.9968601061960927,1.638434151389904,0.8381920735917735,1.0077720467726523,1.6384931360810722,1.0143439004627819,2.2716558161213025,3.907934603369643,1.6600803420125356,2.717344182981371,1.0601039824884209,2.9154203155757044,1.0633879601596716,1.0633879601596716,1.126730414338497,0.8182372072528967,1.0,1.0
2016-08-31,2.8786170849837562,1.412100059176778,1.6436954005552211,2.5308418641044206,1.4369545813195517,4.031659186343945,2.0045748632581457,1.636678691074455,0.8470174351070245,0.9937118536644266,1.6513761985413595,1.037854913576713,2.2922342570005485,3.991104461535288,1.6661873626562653,2.7511114674345603,1.067969305546502,2.9706031113685736,1.0733826317120976,1.0733826317120976,1.1442552629309186,0.8256841199259699,1.0411855293656926,1.0411855293656926
2016-09-30,2.942904444544632,1.4378774023546155,1.6820612905882883,2.5906168153437967,1.4378357045145682,3.9935757199725623,2.0232537847077885,1.6011033734798312,0.8596190095883571,0.9872973682218087,1.655008260408577,1.041338599047198,2.3063380339947175,4.017432431724063,1.6782406289521814,2.7723047113061585,1.0806697631643345,3.0126346653242964,1.084981569269763,1.084981569269763,1.153601744765315,0.8316197282793749,1.0382722452133235,1.0382722452133235
2016-10-31,3.0113455335814088,1.4379075980971192,1.7214259705562114,2.6512467471919736,1.4533089630374114,4.092782268381925,2.125757054772744,1.5647811907500861,0.8694721287874972,0.9944246005527289,1.610394210069326,1.0395604712244295,2.334731744643164,4.067408237783365,1.7080305813879995,2.8221528057556995,1.0975747796485,3.053410003441177,1.099571985507943,1.099571985507943,1.124454467198694,0.8104537524115991,1.042122225632667,1.042122225632667
2016-11-30,2.974015321974564,1.4052820078842305,1.6581259187509565,2.5539163384334564,1.4502732689199755,3.801455425064663,2.176108086794085,1.5396451995821643,0.8441922719193752,1.039131221396005,1.6778278325335012,1.1048957647750544,2.390527373571373,4.163845307139157,1.7235825456056248,2.848176599845478,1.0811183341880972,3.037494506179967,1.0937235767523317,1.0937235767523317,1.0777817567540957,0.7768018348076677,1.0526560895841492,1.0526560895841492
2016-12-31,2.978166968448867,1.3938072059335713,1.648933969462824,2.539761045423392,1.3953649584253995,3.7551228460229837,2.1849654148973126,1.5462459106000566,0.8449278837006423,1.0711383912808046,1.6453448541046531,1.1197035916853497,2.397966292497343,4.176773255558208,1.7219166468758738,2.845423744293601,1.0806211341191538,3.041698267312796,1.0952372429178692,1.0952372429178692,1.106129516754099,0.7972396143652195,1.0396005546088631,1.0396005546088631
2017-01-31,3.0403875778334557,1.4222000448458343,1.6941870343110697,2.609459208350408,1.4078672913624277,3.783131099674251,2.220241558278132,1.5754800192966654,0.8715779278040939,1.3029631280417577,1.6632990339317693,1.1208787770299764,2.4215552523320802,4.218514281234749,1.7449239970382797,2.8834428090167186,1.1066816131195463,3.1056157347715496,1.1182522775076293,1.1182522775076293,1.1150463794876013,0.803679275868896,1.0359093362686678,1.0359093362686678
2017-02-28,3.106053657462976,1.4789938122782518,1.7304889523618754,2.665372972545267,1.5766731091988246,3.850438353999386,2.2802361222625733,1.6244852558985698,0.9021387012084019,1.4279459313495952,1.7824734885286533,1.1435380397540233,2.4930204313619595,4.344318936755783,1.802832429356694,2.9791350300150983,1.1440973665997312,3.2050541958139234,1.1540586615197885,1.1540586615197885,1.2078392264884266,0.8705918598096019,1.0689979995978027,1.0689979995978027
2017-03-31,3.1294053422476735,1.4940984776997843,1.738484922983621,2.677688707907448,1.5540835267214403,3.959386147527653,2.21234933852629,1.6138199363107468,0.9138178648302673,1.3719004934039483,1.8484676526522064,1.1572748800670818,2.48705181762932,4.333281035544066,1.788383251036972,2.955258127987893,1.1502760994071253,3.225122712785632,1.1612848250789902,1.1612848250789902,1.2097454916436114,0.8719353480206309,1.1164863835056784,1.1164863835056784
2017-04-30,3.165503099019544,1.4771816769303483,1.7682422958683048,2.7235222841995905,1.4894471338596962,3.922271695080122,2.193975072236047,1.6026011052145082,0.9323667808772389,1.3199369891942438,1.8083774377497042,1.1394514928552202,2.4578402078026262,4.284706264535046,1.769956553076483,2.9248084752704804,1.1611036787760565,3.2450021087442917,1.1684428909618811,1.1684428909618811,1.1732187031613377,0.8456184718484705,1.1480694531175581,1.1480694531175581
2017-05-31,3.248297457991496,1.5001393443096314,1.8320105042565633,2.8217408015231014,1.4265400970942506,4.190583565450838,2.1588507070029443,1.5636768451092984,0.9553218304843395,1.3346445477064213,1.79494611142619,1.1432053185977311,2.4745981024830437,4.317117784159656,1.784504882491334,2.9491382233613233,1.1833010112387004,3.300602409018612,1.1884120449628948,1.1884120449628948,1.1975083222911562,0.863144640476244,1.13977942655137,1.13977942655137
2017-06-30,3.4138988638911947,1.5454528898751254,1.9038668458093084,2.9957481498838217,1.420142189427779,4.261835772635241,2.2391738928287714,1.6425665696128666,0.9968738964688857,1.4221787120051586,1.8162591976906366,1.188554662965199,2.5367608213494357,4.449372166300743,1.8190729442065814,3.028716704684193,1.224309485793493,3.448802260858863,1.230352852259275,1.230352852259275,1.251129821148105,0.8999887641621797,1.154962373387242,1.154962373387242
2017-07-31,3.483957986731264,1.576264803741382,1.9387937474012469,3.073841247011617,1.428270111869108,4.122727669487127,2.198466342016904,1.6092029591710677,1.0102845259075042,1.537637273053731,1.7496469067391893,1.1838336165209586,2.510106041849283,4.5084165756779875,1.7951543372519787,3.0631444917014607,1.2293738810711003,3.528429954823059,1.2341716298881313,1.2341716298881313,1.339740582404066,0.9433282176627664,1.1879028587758387,1.1879028587758387
2017-08-31,3.5524766211130823,1.5762632274773665,1.944138600402275,3.102167311643972,1.4566714439011228,4.366976966304297,2.231863752792063,1.6308934606248005,1.0262557657098526,1.7588356014191528,1.7311432008310392,1.1885439660213688,2.550027134260011,4.6316677109855355,1.8324282502727696,3.1525889368830042,1.2500593122643708,3.6124817444993615,1.252925228310901,1.252925228310901,1.3664894419343385,0.9551986019166201,1.1841401975000265,1.1841401975000265
2017-09-30,3.4775325328064075,1.5684047186388137,1.9487906486404674,3.1104704971315953,1.4220677863917766,4.300804077561865,2.1984905252796736,1.6241944990612773,1.00734181996864,1.768166263084299,1.6674791583685065,1.168141471580785,2.500173176312342,4.54406052003576,1.794856366364263,3.0907506802590072,1.225880057075366,3.5467333614901086,1.2290358497352452,1.2290358497352452,1.3790336496499478,0.9622538363235386,1.1955737132333484,1.1955737132333484
2017-10-31,3.648838873006724,1.6030210417133526,2.1279860159377897,3.396484750940657,1.4183468453526933,4.344405824003394,2.194683840644315,1.6527457570135022,1.0690484994462834,1.7231999527498791,1.6896831058142245,1.185756538509664,2.5267755405872268,4.593416120105426,1.810747964549204,3.1184902797004193,1.2785581529372814,3.686977438386878,1.2775472133176382,1.2775472133176382,1.4372060703759337,1.0026254404482944,1.1731512155883195,1.1731512155883195
2017-11-30,3.5225036465266513,1.566049176979689,2.0245146645389474,3.231333822056139,1.4484123130320352,4.371669619069571,2.1945324126836354,1.5388986527126167,1.0274551327381958,1.6572423731220893,1.7178491257456299,1.2083840848358947,2.5415776239202916,4.620962422697738,1.8116408833821336,3.120159118374599,1.2436629287439274,3.6073231947481004,1.2499268129998562,1.2499268129998562,1.5550877890215016,1.084824258347536,1.2097696891438492,1.2097696891438492
2017-12-31,3.5182123306699435,1.5666757219511211,2.0237050206127125,3.230041546999558,1.5832995621776291,4.502307305822448,2.3230988369523984,1.599024890464669,1.0121461728398975,1.7250137129707737,1.769657455693455,1.2393102811655303,2.6382214580645624,4.795447354398639,1.889750859477111,3.254859140772876,1.2501518200762254,3.635537616320564,1.2596816118195113,1.2596816118195113,1.5197289551846465,1.060186673823975,1.2275880864935809,1.2275880864935809
2018-01-31,3.718506094027003,1.6575423611397209,2.206584842157441,3.52193656909052,1.594399218877406,4.6889374486533955,2.380174965744538,1.5872214947246124,1.0662469933671639,1.5830557528188571,1.8351037143663742,1.2858140246501024,2.713898060240506,4.933003343333979,1.937235583694081,3.3366456301873852,1.3053653979349475,3.792983831587713,1.3142366463449717,1.3142366463449717,1.5568086675865858,1.0860562328940606,1.2343090145108542,1.2343090145108542
2018-02-28,3.6174704106947435,1.6262081232281884,2.130462303356347,3.400437160586718,1.53723907656868,4.617959773089833,2.3645411826144453,1.5921638452545963,1.0319136592067197,1.6666372939821785,1.7814452979872697,1.2719218190271104,2.6722264464328944,4.856053155245971,1.9039030196230284,3.279234463891061,1.268559493972563,3.69449916043766,1.2801112650832727,1.2801112650832727,1.4923648359409503,1.0410928721347388,1.2680221420179718,1.2680221420179718
2018-03-31,3.6438288110959434,1.6262081232281884,2.1646744919236567,3.455046790623004,1.5348888991257348,4.633631954485195,2.3847159053700024,1.623510857093904,1.0481125760240229,1.5447637715710463,1.836063724629789,1.2626049406248436,2.6771853497475107,4.863683146675716,1.9145737251095325,3.297610119841908,1.283975340672979,3.730028968576639,1.2924233216095093,1.2924233216095093,1.5473394929946744,1.0794482165770036,1.2453853155660926,1.2453853155660926
2018-04-30,3.5142354818558794,1.5917387942547463,2.015207161920145,3.2164813061779483,1.6726162210115139,4.741255623026406,2.3941062788759337,1.6851338553061208,0.9926948135396886,1.568737255686847,1.842300385001452,1.2953915439586428,2.717235491387899,4.936067689791287,1.9347323567693229,3.3323308030371646,1.2436542231338956,3.640667339964879,1.2614590156674184,1.2614590156674184,1.394099936182418,0.9725556319847299,1.2518866227072112,1.2518866227072112
2018-05-31,3.547176730870303,1.6412481180866003,2.004422521357604,3.1992678923817164,1.7245531957911886,4.798104768268659,2.4563340134509777,1.7040912884394732,1.0237148284596445,1.5588244819530588,1.8919158634394508,1.304365870907854,2.734531163073644,4.966115773280546,1.9466033851203783,3.352954843829912,1.2715911623413951,3.714912036640891,1.2871519668450868,1.2871519668450868,1.5098903012363836,1.053354675209188,1.2264238312464941,1.2264238312464941
2018-06-30,3.5779249161482265,1.6080351018062278,1.940976117720206,3.171697710838185,1.6923007608042608,4.982002905304028,2.525083167983165,1.6976534941242436,1.0093292486633731,1.3999548694577342,1.8724523709294625,1.307599482363212,2.7538639549163624,5.026988012074917,1.964017263768888,3.3883599033508376,1.2659730044557913,3.7371750806701822,1.2826483963191804,1.2826483963191804,1.4515950698568731,1.0072713085091716,1.268540764809856,1.268540764809856
2018-07-31,3.7891586410348026,1.703917479992433,2.112846308856238,3.4969074773138997,1.8122370112904296,5.087115649983327,2.503968817286582,1.7397649188676418,1.043808454577114,1.4147275947243754,1.8804704783971486,1.3145560446553564,2.7573304957686746,5.171573529759291,1.9632475198811494,3.501365376518833,1.2946870426004724,3.898301712645197,1.3087585288863752,1.3087585288863752,1.448520948029275,0.9868896985983048,1.2420169134534986,1.2420169134534986
2018-08-31,3.851170006791455,1.740892651881102,2.1543304947583546,3.577241597748228,1.885818605301345,4.901454510763757,2.5076498505361373,1.8609274639881803,1.0371048156672664,1.4114238252193951,1.8663525161683436,1.3323176238022414,2.7765329247664843,5.267453294884786,1.9716623117285919,3.5520183811860715,1.2928938493294246,3.9309848796745284,1.309519138527363,1.309519138527363,1.3941612779291184,0.9431027891585243,1.2545220732210711,1.2545220732210711
2018-09-30,3.8489600695202304,1.7095599530500718,2.1587514021544516,3.585901833937636,1.8492238305499786,4.966523011470501,2.5496013152854644,1.85926825680672,1.003905607082925,1.4348136784784897,1.87101300856198,1.3608411483570968,2.851587908496408,5.4202069642039605,2.029497042418268,3.659245578231134,1.2808513832680406,3.9146463762031307,1.3027012587717648,1.3027012587717648,1.2542653215321748,0.8471851611635071,1.242429694859284,1.242429694859284
2018-10-31,3.434831944419884,1.5797727380244497,1.9162113856446168,3.183018626015737,1.5355075840087133,4.562907363164115,2.2271193965115597,1.6895867966220308,0.8886142963386233,1.2027937789754335,1.7006473964342426,1.2580601863256602,2.5533366652200304,4.857267320299091,1.7931090273556594,3.2332635043007447,1.1337469134296778,3.486428988810586,1.160171686766871,1.160171686766871,1.0229299402293306,0.6909063449005702,1.219157820090812,1.219157820090812
2018-11-30,3.399396786001007,1.624946675229688,1.8861976929380433,3.133162882731758,1.5627654871952439,4.528827155942291,2.202070380787064,1.6921552291967819,0.9026792441668795,1.278664277668091,1.8007693675533578,1.2647671068840052,2.5686025598762074,4.8864496654159035,1.804329401430532,3.2540129874009813,1.1443674054415787,3.517181645459817,1.1703384728421686,1.1703384728421686,1.2160172873334083,0.8213713151262573,1.0963553518696882,1.0963553518696882
2018-12-31,3.3440378033897873,1.5904038854789038,1.8623776912728165,3.093595479291747,1.5811445760526275,4.464141845500857,2.1934924508104583,1.6453942151906888,0.8871546146225744,1.1773298083159542,1.7799370526519431,1.2349123550613943,2.522690523432623,4.798219924164954,1.7766347766574055,3.204070395196932,1.127233048182307,3.460046402130218,1.1513279323764258,1.1513279323764258,1.1439474996612058,0.7726570421978671,1.154163270922196,1.154163270922196
2019-01-31,3.3953912589125173,1.6555098038914802,1.867887288641702,3.102747471174474,1.6549867454410379,4.575326214951394,2.2406970488902638,1.6990495389922475,0.9033131474703117,1.2153620306230828,1.8538118894593298,1.2493869612330175,2.5888894500683217,4.92366907734195,1.8345202441618838,3.3084638896731446,1.1527726032229324,3.532913907573002,1.1755733664222783,1.1755733664222783,1.2203210745730289,0.8242272485662269,1.1348869084789535,1.1348869084789535
2019-02-28,3.5460879147557507,1.7245980347571839,1.995961721300067,3.3154919041331774,1.7173372829745168,4.735162287149924,2.2658976638461255,1.7396970693588802,0.9578002787903617,1.3007577769625989,1.8709437823613557,1.2864995462005049,2.6667139923886727,5.072820629071728,1.8899511836852112,3.408430767862253,1.208981174042695,3.695433986975823,1.229652980618704,1.229652980618704,1.3056108296996227,0.8818449782892814,1.1818037489018955,1.1818037489018955
2019-03-31,3.61459566458123,1.753826548588504,2.046487686348215,3.3994171824429134,1.8024737013978673,4.7509756644674,2.3462445827060323,1.840179276950745,0.9837996602160979,1.2896785483555728,1.958525707197353,1.3018795135653578,2.7185047367080912,5.174278970126342,1.9326961558455775,3.4855226351045836,1.2407574004935435,3.78502692321933,1.259463705750085,1.259463705750085,1.3372790635333485,0.9032905649239076,1.2254183380785555,1.2254183380785555
2019-04-30,3.781285382089324,1.8169349717983674,2.154151692747676,3.578261256898113,1.8262724920823419,4.755529279987531,2.3449498130856705,1.9284990383225793,1.0292547534293142,1.2885119172495114,1.9362536541933113,1.328427617031699,2.7513838409521028,5.238498963767789,1.9492798564862917,3.5154305250655478,1.2809423269447149,3.9012304368296746,1.2981303020099564,1.2981303020099564,1.3613229714012625,0.9195287209738179,1.2548501815179773,1.2548501815179773
2019-05-31,3.5826365649227787,1.7232637123276755,1.9792163825868767,3.287676222928937,1.8971106154873019,5.1837047326940935,2.324951084748149,1.9014770901316986,0.9449304047193586,1.2105030294059618,2.017118484133232,1.3364969840617307,2.7598877262314456,5.262130590684,1.9528171064142583,3.522158458083805,1.2160428239645755,3.7344628762109626,1.2425913532147557,1.2425913532147557,1.2605372260821062,0.8514402088151305,1.2842476265069167,1.2842476265069167
2019-06-30,3.694528716549165,1.766444907580269,2.018740899518064,3.4296835587578243,2.0047733259933507,5.303415250941322,2.327184109469877,1.900988473309486,0.9731490719010139,1.2268955061005067,2.053919666536916,1.363815109481496,2.7951869732868286,5.366398429540691,1.9713527850441308,3.588908079115281,1.243306048698114,3.855420190854559,1.2700902996125571,1.2700902996125571,1.32412120779813,0.8895158082243921,1.2441654935913042,1.2441654935913042
2019-07-31,3.813185770547247,1.806972874224166,2.143602875344316,3.681049861702772,1.886795712387778,5.207104796195328,2.1702969467268716,1.7930606140655043,1.0134050527645246,1.2158166610331231,1.9698334578227696,1.3488306069588167,2.7176512602235854,5.339051417390717,1.9023158264562117,3.5493021262244575,1.2582539425131976,3.9751719299955997,1.2810947681516935,1.2810947681516935,1.4122398640028615,0.9238957854600063,1.2725680295509152,1.2725680295509152
2019-08-31,3.7694383063437273,1.8102971444354647,2.1533138907022598,3.7092548225890996,1.816315502598485,4.964650985194301,2.078097891322801,1.7173252616556123,1.0088721260598155,1.1814127876715828,1.939474383451224,1.3091590702759215,2.615692811753067,5.190307790773568,1.8240841035654203,3.4305959759305606,1.236527440738035,3.9305249813481833,1.2567411731335776,1.2567411731335776,1.3873354985415325,0.8988105507793872,1.282474783289762,1.282474783289762
2019-09-30,3.8960803138277926,1.8521460614725789,2.235992050379314,3.872866769028802,1.8573820569344293,4.85404801938192,2.0867002696909642,1.727081517766676,1.0377127371928578,1.1762942138130479,1.9510564595553799,1.3394606058809093,2.6412677229839634,5.241774048977661,1.8308731789094894,3.4462269675618042,1.2605195786844727,4.018235998564417,1.281789309719794,1.281789309719794,1.41211700447916,0.9147129305831327,1.2544082937310148,1.2544082937310148
2019-10-31,4.149372010412541,1.9519697676758814,2.4274540692619695,4.204489992079176,1.8776537648042972,4.89740268354484,2.152532379612778,1.7502663913864884,1.108483649663302,1.191261702913835,2.0586491185548716,1.372174900942468,2.7047216365564624,5.37037640443466,1.8745281979522537,3.530639443472575,1.3272365517318703,4.215360012396004,1.3444042794083781,1.3444042794083781,1.5079226874465759,0.9767534626307527,1.2599041077041944,1.2599041077041944
2019-11-30,4.2138469697589525,1.9640015516936267,2.485005816028556,4.3041729258865935,1.933150392812954,4.831862480180656,2.1204789860922393,1.7219751930371479,1.1304999856020794,1.2022766888328222,2.043367127730637,1.3862856829744614,2.7062745924315434,5.3752925476372395,1.867155220319319,3.5177725816135026,1.3427946474437058,4.26429556145688,1.3598929725543454,1.3598929725543454,1.503864306927999,0.9741217335874619,1.305746658058234,1.305746658058234
2019-12-31,4.464833841115176,2.050346903390238,2.668752140352243,4.646382686578079,2.0339241380427104,4.961782246070332,2.148775188407694,1.7432427008201152,1.1990960724703947,1.2662262243778308,2.1044959820324833,1.4128854051156199,2.7641218787644557,5.49235980420739,1.9089817791714039,3.5965749866368757,1.4075519644071004,4.460661172500304,1.419968942648938,1.419968942648938,1.5820207728318594,1.0247400800557473,1.315293551084345,1.315293551084345
2020-01-31,4.2760171332701935,1.976034384031616,2.5686359519265354,4.472077205932731,1.9304072673351855,4.85057376493156,2.048936749869141,1.6660773979192076,1.1464749798414227,1.2277399006471204,2.043573518233083,1.3886568708095464,2.660289629135722,5.283939833230688,1.8190220108772135,3.4270882707442962,1.3431747121055455,4.273999329422464,1.3605485989603872,1.3605485989603872,1.491196771631263,0.9658903118753998,1.3492924503339296,1.3492924503339296
2020-02-29,4.214217804608785,1.974622024425762,2.5184005559596616,4.384615777595265,1.911767104614271,4.871573570517242,2.0068593748097467,1.6259170580252447,1.1224468613958472,1.3978187696993047,1.9474931861714337,1.3941473363860468,2.625864040057285,5.207063139523576,1.780743546793925,3.355356419159466,1.3147677052167637,4.198687598874798,1.336530396903991,1.336530396903991,1.504909855907499,0.9747931347330376,1.2996290259417238,1.2996290259417238
2020-03-31,3.619996286469501,1.7332824834191554,2.2011633146586336,3.85906528497062,1.71374494119846,4.422318030907174,1.6470470205521932,1.2797272893029954,0.9768882639096704,1.1303586819355422,1.7547861541387744,1.1657084339356976,2.217122092145772,4.38866903489025,1.510742119556467,2.847125816561577,1.1354647062976848,3.6185413404260927,1.1490367698905912,1.1490367698905912,1.267424641147851,0.8209229687978843,1.2763730273811666,1.2763730273811666
2020-04-30,4.064472628918008,1.9434815925959126,2.476994673199339,4.344223362790493,1.8989384129532423,4.767924047494742,1.916006361995313,1.483649602572025,1.107784417111435,1.251714235224647,2.0055392956947804,1.2914182073054596,2.511898897536477,4.973142827940787,1.7300027532804314,3.260687295505703,1.2901080828256948,4.098221093815104,1.3010192555534863,1.3010192555534863,1.4612496583537389,0.9454530957439161,1.0796244747621215,1.0796244747621215
2020-05-31,4.014560994196624,1.9689590459013069,2.4444007478921046,4.243286131175086,1.8973060279442657,4.903999025899404,1.9215900608502772,1.5352235413804265,1.10141421052382,1.3157291517751815,1.9999876389183098,1.2872279110514626,2.5368851256751124,5.026671321806004,1.7579177288208023,3.313301088129006,1.2914492017143662,4.100110809285301,1.3016191636984995,1.3016191636984995,1.5140724390398095,0.9796087712837486,1.2414136175527357,1.2414136175527357
2020-06-30,4.014560994196624,1.9689590459013069,2.4444007478921046,4.243286131175086,1.8973060279442657,4.903999025899404,1.9215900608502772,1.5352235413804265,1.10141421052382,1.3157291517751815,1.9999876389183098,1.2872279110514626,2.5368851256751124,5.026671321806004,1.7579177288208023,3.313301088129006,1.2914492017143662,4.100110809285301,1.3016191636984995,1.3016191636984995,1.5140724390398095,0.9796087712837486,1.260496819466348,1.260496819466348
2020-07-31,4.014560994196624,1.9689590459013069,2.4444007478921046,4.243286131175086,1.8973060279442657,4.903999025899404,1.9215900608502772,1.5352235413804265,1.10141421052382,1.3157291517751815,1.9999876389183098,1.2872279110514626,2.5368851256751124,5.026671321806004,1.7579177288208023,3.313301088129006,1.2914492017143662,4.100110809285301,1.3016191636984995,1.3016191636984995,1.5140724390398095,0.9796087712837486,1.3214455816513375,1.3214455816513375
2020-08-31,4.014560994196624,1.9689590459013069,2.4444007478921046,4.243286131175086,1.8973060279442657,4.903999025899404,1.9215900608502772,1.5352235413804265,1.10141421052382,1.3157291517751815,1.9999876389183098,1.2872279110514626,2.5368851256751124,5.026671321806004,1.7579177288208023,3.313301088129006,1.2914492017143662,4.100110809285301,1.3016191636984995,1.3016191636984995,1.5140724390398095,0.9796087712837486,1.347548713497952,1.347548713497952
